ID,DJID,QRCode,MusicConfig
1,80,QR1,"{'MusicPlaylist': [{'MusicName': 'Newspaper international.', 'Visible': True, 'Votes': 25, 'VotersIDs': ['27', '46', '20'], 'IsUserRecommentaion': True, 'RecommenderID': '13'}, {'MusicName': 'Thought present.', 'Visible': False, 'Votes': 34, 'VotersIDs': ['25', '72', '72', '19'], 'IsUserRecommentaion': False, 'RecommenderID': '20'}, {'MusicName': 'Model into.', 'Visible': True, 'Votes': 45, 'VotersIDs': ['93', '6', '69', '47'], 'IsUserRecommentaion': True, 'RecommenderID': ''}, {'MusicName': 'Analysis.', 'Visible': True, 'Votes': 47, 'VotersIDs': ['54', '88'], 'IsUserRecommentaion': False, 'RecommenderID': ''}, {'MusicName': 'Either learn.', 'Visible': True, 'Votes': 37, 'VotersIDs': ['84', '16', '79', '29', '53'], 'IsUserRecommentaion': True, 'RecommenderID': ''}, {'MusicName': 'Be.', 'Visible': False, 'Votes': 12, 'VotersIDs': [], 'IsUserRecommentaion': True, 'RecommenderID': '10'}], 'EnableUserRecommendation': False}"
2,22,QR2,"{'MusicPlaylist': [{'MusicName': 'Central.', 'Visible': False, 'Votes': 39, 'VotersIDs': [], 'IsUserRecommentaion': False, 'RecommenderID': ''}, {'MusicName': 'Artist attack.', 'Visible': True, 'Votes': 44, 'VotersIDs': [], 'IsUserRecommentaion': False, 'RecommenderID': '14'}, {'MusicName': 'Consider role.', 'Visible': True, 'Votes': 21, 'VotersIDs': [], 'IsUserRecommentaion': True, 'RecommenderID': '87'}, {'MusicName': 'System beyond.', 'Visible': True, 'Votes': 1, 'VotersIDs': [], 'IsUserRecommentaion': True, 'RecommenderID': '50'}, {'MusicName': 'View.', 'Visible': False, 'Votes': 32, 'VotersIDs': ['77', '95'], 'IsUserRecommentaion': False, 'RecommenderID': ''}, {'MusicName': 'Tv indeed.', 'Visible': False, 'Votes': 4, 'VotersIDs': ['87', '61'], 'IsUserRecommentaion': True, 'RecommenderID': '85'}, {'MusicName': 'Market.', 'Visible': False, 'Votes': 32, 'VotersIDs': [], 'IsUserRecommentaion': False, 'RecommenderID': ''}], 'EnableUserRecommendation': True}"
3,10,QR3,"{'MusicPlaylist': [{'MusicName': 'Activity cultural.', 'Visible': True, 'Votes': 29, 'VotersIDs': ['36', '86', '41'], 'IsUserRecommentaion': False, 'RecommenderID': ''}, {'MusicName': 'Force.', 'Visible': True, 'Votes': 44, 'VotersIDs': ['46'], 'IsUserRecommentaion': False, 'RecommenderID': ''}, {'MusicName': 'Sell help.', 'Visible': True, 'Votes': 43, 'VotersIDs': [], 'IsUserRecommentaion': True, 'RecommenderID': ''}, {'MusicName': 'Push.', 'Visible': False, 'Votes': 9, 'VotersIDs': ['48'], 'IsUserRecommentaion': False, 'RecommenderID': '23'}, {'MusicName': 'Respond.', 'Visible': False, 'Votes': 18, 'VotersIDs': ['28', '99', '6', '46'], 'IsUserRecommentaion': True, 'RecommenderID': ''}], 'EnableUserRecommendation': True}"
4,51,QR4,"{'MusicPlaylist': [{'MusicName': 'Read.', 'Visible': False, 'Votes': 24, 'VotersIDs': ['33'], 'IsUserRecommentaion': True, 'RecommenderID': ''}, {'MusicName': 'Successful on.', 'Visible': True, 'Votes': 43, 'VotersIDs': ['92', '58', '91'], 'IsUserRecommentaion': True, 'RecommenderID': '59'}, {'MusicName': 'Population who.', 'Visible': True, 'Votes': 9, 'VotersIDs': ['6', '60', '56'], 'IsUserRecommentaion': False, 'RecommenderID': '21'}, {'MusicName': 'Modern professional.', 'Visible': True, 'Votes': 34, 'VotersIDs': ['44'], 'IsUserRecommentaion': False, 'RecommenderID': ''}, {'MusicName': 'Structure.', 'Visible': True, 'Votes': 42, 'VotersIDs': ['16', '30', '37'], 'IsUserRecommentaion': False, 'RecommenderID': ''}, {'MusicName': 'Factor.', 'Visible': False, 'Votes': 0, 'VotersIDs': [], 'IsUserRecommentaion': False, 'RecommenderID': ''}], 'EnableUserRecommendation': False}"
5,33,QR5,"{'MusicPlaylist': [{'MusicName': 'Song size.', 'Visible': True, 'Votes': 48, 'VotersIDs': ['41'], 'IsUserRecommentaion': True, 'RecommenderID': ''}, {'MusicName': 'Similar former.', 'Visible': True, 'Votes': 29, 'VotersIDs': [], 'IsUserRecommentaion': False, 'RecommenderID': '89'}, {'MusicName': 'Little.', 'Visible': True, 'Votes': 33, 'VotersIDs': ['68'], 'IsUserRecommentaion': True, 'RecommenderID': ''}, {'MusicName': 'Sell.', 'Visible': True, 'Votes': 46, 'VotersIDs': ['43', '97', '26', '70'], 'IsUserRecommentaion': False, 'RecommenderID': ''}, {'MusicName': 'High.', 'Visible': True, 'Votes': 6, 'VotersIDs': ['87', '41'], 'IsUserRecommentaion': False, 'RecommenderID': '29'}, {'MusicName': 'Less.', 'Visible': False, 'Votes': 37, 'VotersIDs': ['92', '21', '71', '65'], 'IsUserRecommentaion': False, 'RecommenderID': '28'}], 'EnableUserRecommendation': True}"
6,81,QR6,"{'MusicPlaylist': [{'MusicName': 'Weight role.', 'Visible': False, 'Votes': 45, 'VotersIDs': ['64', '81', '65', '38'], 'IsUserRecommentaion': False, 'RecommenderID': ''}, {'MusicName': 'So.', 'Visible': True, 'Votes': 30, 'VotersIDs': ['3', '83'], 'IsUserRecommentaion': False, 'RecommenderID': '52'}, {'MusicName': 'Leader.', 'Visible': True, 'Votes': 16, 'VotersIDs': ['87'], 'IsUserRecommentaion': True, 'RecommenderID': ''}, {'MusicName': 'Teach.', 'Visible': True, 'Votes': 17, 'VotersIDs': ['99', '16'], 'IsUserRecommentaion': True, 'RecommenderID': '18'}, {'MusicName': 'It.', 'Visible': False, 'Votes': 4, 'VotersIDs': ['3', '49', '62', '2'], 'IsUserRecommentaion': False, 'RecommenderID': '1'}, {'MusicName': 'City perform.', 'Visible': True, 'Votes': 40, 'VotersIDs': ['97', '94', '87', '54', '99'], 'IsUserRecommentaion': True, 'RecommenderID': ''}], 'EnableUserRecommendation': False}"
7,34,QR7,"{'MusicPlaylist': [{'MusicName': 'Current catch.', 'Visible': True, 'Votes': 13, 'VotersIDs': [], 'IsUserRecommentaion': False, 'RecommenderID': '5'}, {'MusicName': 'People.', 'Visible': False, 'Votes': 44, 'VotersIDs': ['50', '22'], 'IsUserRecommentaion': False, 'RecommenderID': '85'}, {'MusicName': 'Much pull.', 'Visible': False, 'Votes': 11, 'VotersIDs': ['49', '59', '97'], 'IsUserRecommentaion': True, 'RecommenderID': ''}, {'MusicName': 'Standard alone.', 'Visible': True, 'Votes': 21, 'VotersIDs': [], 'IsUserRecommentaion': False, 'RecommenderID': '68'}, {'MusicName': 'Institution short.', 'Visible': False, 'Votes': 21, 'VotersIDs': ['54', '30', '84', '59'], 'IsUserRecommentaion': True, 'RecommenderID': '26'}, {'MusicName': 'Finally.', 'Visible': False, 'Votes': 50, 'VotersIDs': [], 'IsUserRecommentaion': False, 'RecommenderID': ''}], 'EnableUserRecommendation': True}"
8,9,QR8,"{'MusicPlaylist': [{'MusicName': 'Strong.', 'Visible': False, 'Votes': 46, 'VotersIDs': ['99', '100', '63', '68', '50'], 'IsUserRecommentaion': True, 'RecommenderID': ''}, {'MusicName': 'Science.', 'Visible': False, 'Votes': 36, 'VotersIDs': ['44', '34', '9', '10', '31'], 'IsUserRecommentaion': True, 'RecommenderID': '96'}, {'MusicName': 'Military customer.', 'Visible': False, 'Votes': 43, 'VotersIDs': ['8'], 'IsUserRecommentaion': False, 'RecommenderID': '100'}, {'MusicName': 'Rate.', 'Visible': True, 'Votes': 10, 'VotersIDs': ['91', '39', '4', '31', '86'], 'IsUserRecommentaion': False, 'RecommenderID': '95'}, {'MusicName': 'Within write.', 'Visible': True, 'Votes': 29, 'VotersIDs': ['98'], 'IsUserRecommentaion': True, 'RecommenderID': '65'}, {'MusicName': 'Five today.', 'Visible': True, 'Votes': 27, 'VotersIDs': ['65', '28', '38', '43', '86'], 'IsUserRecommentaion': True, 'RecommenderID': '25'}], 'EnableUserRecommendation': True}"
9,18,QR9,"{'MusicPlaylist': [{'MusicName': 'Determine sound.', 'Visible': True, 'Votes': 22, 'VotersIDs': ['89', '59', '5', '9'], 'IsUserRecommentaion': True, 'RecommenderID': ''}, {'MusicName': 'Month vote.', 'Visible': True, 'Votes': 29, 'VotersIDs': ['40'], 'IsUserRecommentaion': True, 'RecommenderID': '47'}, {'MusicName': 'Decision face.', 'Visible': True, 'Votes': 10, 'VotersIDs': ['13', '7', '80', '70', '47'], 'IsUserRecommentaion': True, 'RecommenderID': '99'}, {'MusicName': 'Pressure.', 'Visible': True, 'Votes': 49, 'VotersIDs': ['33', '2', '67', '49'], 'IsUserRecommentaion': True, 'RecommenderID': '43'}, {'MusicName': 'Nature.', 'Visible': True, 'Votes': 47, 'VotersIDs': ['29'], 'IsUserRecommentaion': True, 'RecommenderID': '66'}], 'EnableUserRecommendation': False}"
10,52,QR10,"{'MusicPlaylist': [{'MusicName': 'Company.', 'Visible': False, 'Votes': 22, 'VotersIDs': ['63', '57', '40', '85', '43'], 'IsUserRecommentaion': False, 'RecommenderID': ''}, {'MusicName': 'Pay.', 'Visible': True, 'Votes': 50, 'VotersIDs': ['71', '46'], 'IsUserRecommentaion': True, 'RecommenderID': '22'}, {'MusicName': 'History.', 'Visible': False, 'Votes': 33, 'VotersIDs': ['96', '34', '92', '83'], 'IsUserRecommentaion': False, 'RecommenderID': '67'}], 'EnableUserRecommendation': True}"
11,82,QR11,"{'MusicPlaylist': [{'MusicName': 'Because.', 'Visible': True, 'Votes': 46, 'VotersIDs': ['40', '87', '14'], 'IsUserRecommentaion': True, 'RecommenderID': ''}, {'MusicName': 'Half.', 'Visible': False, 'Votes': 17, 'VotersIDs': ['95', '31'], 'IsUserRecommentaion': False, 'RecommenderID': ''}, {'MusicName': 'Enough.', 'Visible': False, 'Votes': 0, 'VotersIDs': [], 'IsUserRecommentaion': True, 'RecommenderID': '44'}, {'MusicName': 'Mr.', 'Visible': False, 'Votes': 31, 'VotersIDs': ['99', '2', '36'], 'IsUserRecommentaion': False, 'RecommenderID': ''}, {'MusicName': 'Play.', 'Visible': True, 'Votes': 21, 'VotersIDs': ['71'], 'IsUserRecommentaion': True, 'RecommenderID': ''}, {'MusicName': 'Stop carry.', 'Visible': False, 'Votes': 4, 'VotersIDs': ['79', '24', '18'], 'IsUserRecommentaion': True, 'RecommenderID': ''}, {'MusicName': 'Although.', 'Visible': False, 'Votes': 30, 'VotersIDs': ['57', '53', '76', '11'], 'IsUserRecommentaion': False, 'RecommenderID': ''}], 'EnableUserRecommendation': True}"
12,37,QR12,"{'MusicPlaylist': [{'MusicName': 'Break.', 'Visible': False, 'Votes': 44, 'VotersIDs': ['31', '37', '65', '16', '65'], 'IsUserRecommentaion': False, 'RecommenderID': ''}, {'MusicName': 'Consider.', 'Visible': False, 'Votes': 30, 'VotersIDs': ['86', '98', '35', '3', '14'], 'IsUserRecommentaion': True, 'RecommenderID': '64'}, {'MusicName': 'Save.', 'Visible': False, 'Votes': 32, 'VotersIDs': [], 'IsUserRecommentaion': False, 'RecommenderID': '38'}, {'MusicName': 'Rise teach.', 'Visible': False, 'Votes': 40, 'VotersIDs': ['5', '50'], 'IsUserRecommentaion': True, 'RecommenderID': ''}, {'MusicName': 'According.', 'Visible': False, 'Votes': 3, 'VotersIDs': ['94', '20', '22'], 'IsUserRecommentaion': True, 'RecommenderID': '7'}], 'EnableUserRecommendation': True}"
13,15,QR13,"{'MusicPlaylist': [{'MusicName': 'Business politics.', 'Visible': True, 'Votes': 31, 'VotersIDs': ['32', '45'], 'IsUserRecommentaion': True, 'RecommenderID': ''}, {'MusicName': 'Money up.', 'Visible': True, 'Votes': 28, 'VotersIDs': [], 'IsUserRecommentaion': False, 'RecommenderID': '3'}, {'MusicName': 'Cost.', 'Visible': True, 'Votes': 28, 'VotersIDs': ['67', '92', '86'], 'IsUserRecommentaion': True, 'RecommenderID': '41'}], 'EnableUserRecommendation': False}"
14,45,QR14,"{'MusicPlaylist': [{'MusicName': 'President.', 'Visible': True, 'Votes': 1, 'VotersIDs': ['91', '3', '81'], 'IsUserRecommentaion': True, 'RecommenderID': ''}, {'MusicName': 'Wrong rise.', 'Visible': True, 'Votes': 48, 'VotersIDs': [], 'IsUserRecommentaion': False, 'RecommenderID': ''}, {'MusicName': 'Most.', 'Visible': True, 'Votes': 43, 'VotersIDs': ['11', '45', '7', '75', '26'], 'IsUserRecommentaion': False, 'RecommenderID': '1'}, {'MusicName': 'Ahead soldier.', 'Visible': False, 'Votes': 36, 'VotersIDs': [], 'IsUserRecommentaion': True, 'RecommenderID': ''}, {'MusicName': 'Account style.', 'Visible': True, 'Votes': 28, 'VotersIDs': ['63'], 'IsUserRecommentaion': True, 'RecommenderID': ''}], 'EnableUserRecommendation': True}"
15,28,QR15,"{'MusicPlaylist': [{'MusicName': 'College.', 'Visible': True, 'Votes': 29, 'VotersIDs': ['35'], 'IsUserRecommentaion': False, 'RecommenderID': '10'}, {'MusicName': 'Traditional enjoy.', 'Visible': False, 'Votes': 15, 'VotersIDs': ['38', '48', '85', '39', '73'], 'IsUserRecommentaion': False, 'RecommenderID': ''}, {'MusicName': 'Wind.', 'Visible': False, 'Votes': 19, 'VotersIDs': ['84', '74', '45', '45'], 'IsUserRecommentaion': True, 'RecommenderID': ''}, {'MusicName': 'Financial.', 'Visible': False, 'Votes': 40, 'VotersIDs': ['14', '36'], 'IsUserRecommentaion': False, 'RecommenderID': ''}, {'MusicName': 'Able responsibility.', 'Visible': False, 'Votes': 31, 'VotersIDs': ['48'], 'IsUserRecommentaion': True, 'RecommenderID': ''}], 'EnableUserRecommendation': False}"
16,32,QR16,"{'MusicPlaylist': [{'MusicName': 'Travel.', 'Visible': True, 'Votes': 20, 'VotersIDs': [], 'IsUserRecommentaion': False, 'RecommenderID': ''}, {'MusicName': 'Discussion.', 'Visible': False, 'Votes': 50, 'VotersIDs': ['78', '93', '32', '83', '47'], 'IsUserRecommentaion': True, 'RecommenderID': ''}, {'MusicName': 'Staff before.', 'Visible': True, 'Votes': 37, 'VotersIDs': ['30'], 'IsUserRecommentaion': True, 'RecommenderID': '53'}, {'MusicName': 'Suffer she.', 'Visible': False, 'Votes': 36, 'VotersIDs': ['84'], 'IsUserRecommentaion': True, 'RecommenderID': ''}], 'EnableUserRecommendation': False}"
17,46,QR17,"{'MusicPlaylist': [{'MusicName': 'Between.', 'Visible': True, 'Votes': 17, 'VotersIDs': [], 'IsUserRecommentaion': False, 'RecommenderID': '98'}, {'MusicName': 'Stock.', 'Visible': False, 'Votes': 36, 'VotersIDs': ['43', '32', '65', '52', '9'], 'IsUserRecommentaion': True, 'RecommenderID': ''}, {'MusicName': 'Study.', 'Visible': True, 'Votes': 25, 'VotersIDs': ['1'], 'IsUserRecommentaion': True, 'RecommenderID': ''}, {'MusicName': 'Campaign dog.', 'Visible': False, 'Votes': 13, 'VotersIDs': ['95', '98', '74', '31'], 'IsUserRecommentaion': True, 'RecommenderID': ''}, {'MusicName': 'Near.', 'Visible': False, 'Votes': 15, 'VotersIDs': ['64', '14', '18'], 'IsUserRecommentaion': False, 'RecommenderID': '76'}], 'EnableUserRecommendation': True}"
18,2,QR18,"{'MusicPlaylist': [{'MusicName': 'Skin eat.', 'Visible': True, 'Votes': 6, 'VotersIDs': ['35', '23'], 'IsUserRecommentaion': True, 'RecommenderID': ''}, {'MusicName': 'Name.', 'Visible': True, 'Votes': 21, 'VotersIDs': ['80', '99', '72', '31', '77'], 'IsUserRecommentaion': True, 'RecommenderID': '85'}, {'MusicName': 'Teacher.', 'Visible': True, 'Votes': 31, 'VotersIDs': ['100'], 'IsUserRecommentaion': False, 'RecommenderID': '24'}, {'MusicName': 'Election.', 'Visible': False, 'Votes': 30, 'VotersIDs': ['45', '77'], 'IsUserRecommentaion': True, 'RecommenderID': '69'}], 'EnableUserRecommendation': True}"
19,51,QR19,"{'MusicPlaylist': [{'MusicName': 'Two.', 'Visible': True, 'Votes': 21, 'VotersIDs': ['74'], 'IsUserRecommentaion': False, 'RecommenderID': '16'}, {'MusicName': 'Training.', 'Visible': False, 'Votes': 5, 'VotersIDs': ['72', '17', '39'], 'IsUserRecommentaion': True, 'RecommenderID': '77'}, {'MusicName': 'Great.', 'Visible': True, 'Votes': 49, 'VotersIDs': ['56', '13', '60', '14'], 'IsUserRecommentaion': False, 'RecommenderID': '47'}, {'MusicName': 'Teach present.', 'Visible': True, 'Votes': 8, 'VotersIDs': ['85'], 'IsUserRecommentaion': True, 'RecommenderID': ''}, {'MusicName': 'Various.', 'Visible': True, 'Votes': 5, 'VotersIDs': ['71', '63', '44', '6', '68'], 'IsUserRecommentaion': True, 'RecommenderID': ''}, {'MusicName': 'Cultural.', 'Visible': True, 'Votes': 25, 'VotersIDs': ['57', '27', '20', '68'], 'IsUserRecommentaion': False, 'RecommenderID': ''}], 'EnableUserRecommendation': False}"
20,95,QR20,"{'MusicPlaylist': [{'MusicName': 'Cell.', 'Visible': False, 'Votes': 8, 'VotersIDs': ['20', '33'], 'IsUserRecommentaion': True, 'RecommenderID': ''}, {'MusicName': 'Base.', 'Visible': True, 'Votes': 14, 'VotersIDs': ['63', '18', '56'], 'IsUserRecommentaion': False, 'RecommenderID': '5'}, {'MusicName': 'On.', 'Visible': False, 'Votes': 22, 'VotersIDs': ['62'], 'IsUserRecommentaion': True, 'RecommenderID': '11'}, {'MusicName': 'Relationship stuff.', 'Visible': True, 'Votes': 47, 'VotersIDs': ['78', '37', '16', '47'], 'IsUserRecommentaion': True, 'RecommenderID': ''}, {'MusicName': 'South.', 'Visible': False, 'Votes': 28, 'VotersIDs': ['81', '80', '79', '43'], 'IsUserRecommentaion': False, 'RecommenderID': ''}, {'MusicName': 'Since.', 'Visible': True, 'Votes': 40, 'VotersIDs': [], 'IsUserRecommentaion': True, 'RecommenderID': ''}, {'MusicName': 'Stand gun.', 'Visible': False, 'Votes': 50, 'VotersIDs': ['34', '14', '69'], 'IsUserRecommentaion': False, 'RecommenderID': '99'}], 'EnableUserRecommendation': True}"
21,66,QR21,"{'MusicPlaylist': [{'MusicName': 'Student contain.', 'Visible': False, 'Votes': 23, 'VotersIDs': [], 'IsUserRecommentaion': False, 'RecommenderID': '94'}, {'MusicName': 'Form.', 'Visible': True, 'Votes': 9, 'VotersIDs': ['7', '75', '56'], 'IsUserRecommentaion': False, 'RecommenderID': ''}, {'MusicName': 'Southern.', 'Visible': False, 'Votes': 43, 'VotersIDs': ['40', '31', '5'], 'IsUserRecommentaion': False, 'RecommenderID': ''}, {'MusicName': 'Wide.', 'Visible': False, 'Votes': 11, 'VotersIDs': ['40', '13', '80', '32'], 'IsUserRecommentaion': True, 'RecommenderID': '49'}, {'MusicName': 'Including.', 'Visible': True, 'Votes': 21, 'VotersIDs': ['1', '47', '37'], 'IsUserRecommentaion': False, 'RecommenderID': '91'}, {'MusicName': 'Receive.', 'Visible': True, 'Votes': 14, 'VotersIDs': ['25', '48'], 'IsUserRecommentaion': False, 'RecommenderID': '66'}, {'MusicName': 'Scientist community.', 'Visible': True, 'Votes': 2, 'VotersIDs': ['73', '76', '80', '4', '33'], 'IsUserRecommentaion': True, 'RecommenderID': '85'}], 'EnableUserRecommendation': False}"
22,90,QR22,"{'MusicPlaylist': [{'MusicName': 'Bring.', 'Visible': True, 'Votes': 45, 'VotersIDs': [], 'IsUserRecommentaion': False, 'RecommenderID': '80'}, {'MusicName': 'Space.', 'Visible': False, 'Votes': 47, 'VotersIDs': ['33', '34', '97'], 'IsUserRecommentaion': False, 'RecommenderID': ''}, {'MusicName': 'Present.', 'Visible': True, 'Votes': 22, 'VotersIDs': [], 'IsUserRecommentaion': False, 'RecommenderID': '5'}, {'MusicName': 'Democratic civil.', 'Visible': False, 'Votes': 23, 'VotersIDs': ['8', '55', '10', '42'], 'IsUserRecommentaion': False, 'RecommenderID': '74'}, {'MusicName': 'Perform.', 'Visible': False, 'Votes': 21, 'VotersIDs': ['29', '81'], 'IsUserRecommentaion': False, 'RecommenderID': ''}, {'MusicName': 'Defense.', 'Visible': False, 'Votes': 10, 'VotersIDs': ['38', '19'], 'IsUserRecommentaion': True, 'RecommenderID': '46'}], 'EnableUserRecommendation': True}"
23,48,QR23,"{'MusicPlaylist': [{'MusicName': 'If.', 'Visible': False, 'Votes': 27, 'VotersIDs': ['5', '23', '41', '26'], 'IsUserRecommentaion': False, 'RecommenderID': ''}, {'MusicName': 'Here.', 'Visible': True, 'Votes': 30, 'VotersIDs': ['82'], 'IsUserRecommentaion': False, 'RecommenderID': '55'}, {'MusicName': 'Mention.', 'Visible': False, 'Votes': 30, 'VotersIDs': ['5', '82', '97', '18', '96'], 'IsUserRecommentaion': False, 'RecommenderID': '55'}], 'EnableUserRecommendation': False}"
24,43,QR24,"{'MusicPlaylist': [{'MusicName': 'It.', 'Visible': True, 'Votes': 19, 'VotersIDs': ['79', '68'], 'IsUserRecommentaion': False, 'RecommenderID': '25'}, {'MusicName': 'Seek blood.', 'Visible': True, 'Votes': 20, 'VotersIDs': ['81'], 'IsUserRecommentaion': False, 'RecommenderID': '22'}, {'MusicName': 'Officer visit.', 'Visible': True, 'Votes': 28, 'VotersIDs': [], 'IsUserRecommentaion': True, 'RecommenderID': ''}, {'MusicName': 'Task provide.', 'Visible': True, 'Votes': 11, 'VotersIDs': ['96', '28', '67', '71'], 'IsUserRecommentaion': False, 'RecommenderID': '20'}, {'MusicName': 'Discussion.', 'Visible': True, 'Votes': 26, 'VotersIDs': ['32', '83', '33', '17'], 'IsUserRecommentaion': True, 'RecommenderID': '25'}, {'MusicName': 'Newspaper.', 'Visible': True, 'Votes': 45, 'VotersIDs': ['73', '65'], 'IsUserRecommentaion': False, 'RecommenderID': ''}], 'EnableUserRecommendation': False}"
25,66,QR25,"{'MusicPlaylist': [{'MusicName': 'Provide.', 'Visible': True, 'Votes': 24, 'VotersIDs': ['22', '70', '41'], 'IsUserRecommentaion': False, 'RecommenderID': '43'}, {'MusicName': 'Whose.', 'Visible': True, 'Votes': 24, 'VotersIDs': ['69', '68'], 'IsUserRecommentaion': False, 'RecommenderID': ''}, {'MusicName': 'Draw ten.', 'Visible': False, 'Votes': 47, 'VotersIDs': ['51', '91', '14', '29', '49'], 'IsUserRecommentaion': True, 'RecommenderID': '98'}, {'MusicName': 'Lead.', 'Visible': True, 'Votes': 45, 'VotersIDs': ['92', '65', '68', '82'], 'IsUserRecommentaion': True, 'RecommenderID': '6'}, {'MusicName': 'General.', 'Visible': True, 'Votes': 31, 'VotersIDs': ['55', '98', '36', '37'], 'IsUserRecommentaion': True, 'RecommenderID': ''}, {'MusicName': 'Political.', 'Visible': False, 'Votes': 34, 'VotersIDs': ['57', '54', '49', '16', '16'], 'IsUserRecommentaion': True, 'RecommenderID': '25'}], 'EnableUserRecommendation': False}"
26,96,QR26,"{'MusicPlaylist': [{'MusicName': 'Story.', 'Visible': False, 'Votes': 41, 'VotersIDs': [], 'IsUserRecommentaion': True, 'RecommenderID': ''}, {'MusicName': 'Study.', 'Visible': False, 'Votes': 49, 'VotersIDs': ['81', '46'], 'IsUserRecommentaion': True, 'RecommenderID': ''}, {'MusicName': 'Friend.', 'Visible': True, 'Votes': 32, 'VotersIDs': [], 'IsUserRecommentaion': True, 'RecommenderID': ''}, {'MusicName': 'By question.', 'Visible': True, 'Votes': 31, 'VotersIDs': ['38'], 'IsUserRecommentaion': False, 'RecommenderID': ''}, {'MusicName': 'Few.', 'Visible': True, 'Votes': 48, 'VotersIDs': ['96', '47', '6'], 'IsUserRecommentaion': True, 'RecommenderID': '12'}], 'EnableUserRecommendation': True}"
27,93,QR27,"{'MusicPlaylist': [{'MusicName': 'Cultural.', 'Visible': False, 'Votes': 1, 'VotersIDs': ['60', '56', '47', '4', '78'], 'IsUserRecommentaion': False, 'RecommenderID': ''}, {'MusicName': 'Involve it.', 'Visible': False, 'Votes': 40, 'VotersIDs': ['43', '63', '44', '17'], 'IsUserRecommentaion': False, 'RecommenderID': '70'}, {'MusicName': 'Anyone.', 'Visible': False, 'Votes': 41, 'VotersIDs': ['79', '21', '91', '60'], 'IsUserRecommentaion': True, 'RecommenderID': ''}], 'EnableUserRecommendation': False}"
28,98,QR28,"{'MusicPlaylist': [{'MusicName': 'Quickly measure.', 'Visible': False, 'Votes': 1, 'VotersIDs': ['96', '35', '48', '88', '48'], 'IsUserRecommentaion': False, 'RecommenderID': '84'}, {'MusicName': 'Off throw.', 'Visible': False, 'Votes': 22, 'VotersIDs': ['55', '45', '55', '87'], 'IsUserRecommentaion': False, 'RecommenderID': ''}, {'MusicName': 'Reflect.', 'Visible': False, 'Votes': 20, 'VotersIDs': ['71', '68', '25'], 'IsUserRecommentaion': False, 'RecommenderID': '49'}], 'EnableUserRecommendation': False}"
29,7,QR29,"{'MusicPlaylist': [{'MusicName': 'Early manage.', 'Visible': True, 'Votes': 7, 'VotersIDs': ['7', '50', '7'], 'IsUserRecommentaion': False, 'RecommenderID': '36'}, {'MusicName': 'Week.', 'Visible': False, 'Votes': 38, 'VotersIDs': [], 'IsUserRecommentaion': False, 'RecommenderID': '47'}, {'MusicName': 'Create.', 'Visible': True, 'Votes': 41, 'VotersIDs': ['74', '97', '7'], 'IsUserRecommentaion': True, 'RecommenderID': ''}, {'MusicName': 'Expect dinner.', 'Visible': False, 'Votes': 8, 'VotersIDs': ['47', '77'], 'IsUserRecommentaion': True, 'RecommenderID': ''}, {'MusicName': 'Artist head.', 'Visible': False, 'Votes': 28, 'VotersIDs': ['82', '16', '100', '80'], 'IsUserRecommentaion': True, 'RecommenderID': ''}, {'MusicName': 'Them.', 'Visible': True, 'Votes': 14, 'VotersIDs': ['45', '64', '64', '97', '1'], 'IsUserRecommentaion': False, 'RecommenderID': ''}, {'MusicName': 'Attorney college.', 'Visible': False, 'Votes': 22, 'VotersIDs': ['86'], 'IsUserRecommentaion': True, 'RecommenderID': '32'}], 'EnableUserRecommendation': True}"
30,27,QR30,"{'MusicPlaylist': [{'MusicName': 'Offer.', 'Visible': False, 'Votes': 36, 'VotersIDs': ['92', '78'], 'IsUserRecommentaion': True, 'RecommenderID': '49'}, {'MusicName': 'View.', 'Visible': True, 'Votes': 44, 'VotersIDs': [], 'IsUserRecommentaion': True, 'RecommenderID': ''}, {'MusicName': 'North news.', 'Visible': False, 'Votes': 21, 'VotersIDs': ['12', '86', '18'], 'IsUserRecommentaion': False, 'RecommenderID': ''}, {'MusicName': 'Contain treatment.', 'Visible': False, 'Votes': 34, 'VotersIDs': ['74', '52'], 'IsUserRecommentaion': False, 'RecommenderID': '13'}, {'MusicName': 'Detail near.', 'Visible': True, 'Votes': 19, 'VotersIDs': ['28', '13', '37', '62'], 'IsUserRecommentaion': True, 'RecommenderID': ''}], 'EnableUserRecommendation': True}"
31,86,QR31,"{'MusicPlaylist': [{'MusicName': 'Against might.', 'Visible': False, 'Votes': 44, 'VotersIDs': [], 'IsUserRecommentaion': True, 'RecommenderID': ''}, {'MusicName': 'Idea.', 'Visible': False, 'Votes': 38, 'VotersIDs': ['38', '1'], 'IsUserRecommentaion': False, 'RecommenderID': '78'}, {'MusicName': 'Others education.', 'Visible': False, 'Votes': 32, 'VotersIDs': ['8', '78', '61', '89', '81'], 'IsUserRecommentaion': True, 'RecommenderID': ''}, {'MusicName': 'Fact option.', 'Visible': False, 'Votes': 27, 'VotersIDs': ['77', '39'], 'IsUserRecommentaion': False, 'RecommenderID': ''}, {'MusicName': 'Expect.', 'Visible': False, 'Votes': 15, 'VotersIDs': ['77', '29', '67', '29', '31'], 'IsUserRecommentaion': False, 'RecommenderID': ''}, {'MusicName': 'Hotel fill.', 'Visible': False, 'Votes': 15, 'VotersIDs': ['26', '55', '65'], 'IsUserRecommentaion': False, 'RecommenderID': ''}], 'EnableUserRecommendation': True}"
32,75,QR32,"{'MusicPlaylist': [{'MusicName': 'Trade.', 'Visible': False, 'Votes': 22, 'VotersIDs': ['90', '30', '68'], 'IsUserRecommentaion': False, 'RecommenderID': '37'}, {'MusicName': 'Friend.', 'Visible': True, 'Votes': 35, 'VotersIDs': ['17', '68', '39', '69', '20'], 'IsUserRecommentaion': False, 'RecommenderID': ''}, {'MusicName': 'Bill will.', 'Visible': True, 'Votes': 17, 'VotersIDs': ['95', '96', '52', '5', '54'], 'IsUserRecommentaion': True, 'RecommenderID': '22'}, {'MusicName': 'Clear information.', 'Visible': True, 'Votes': 14, 'VotersIDs': ['33', '16', '20', '78'], 'IsUserRecommentaion': True, 'RecommenderID': ''}, {'MusicName': 'Loss something.', 'Visible': True, 'Votes': 8, 'VotersIDs': ['7', '60', '3'], 'IsUserRecommentaion': False, 'RecommenderID': '8'}], 'EnableUserRecommendation': False}"
33,26,QR33,"{'MusicPlaylist': [{'MusicName': 'Professor material.', 'Visible': False, 'Votes': 27, 'VotersIDs': ['49', '70', '18'], 'IsUserRecommentaion': False, 'RecommenderID': ''}, {'MusicName': 'City group.', 'Visible': False, 'Votes': 45, 'VotersIDs': ['67', '36', '85'], 'IsUserRecommentaion': True, 'RecommenderID': '41'}, {'MusicName': 'Wish be.', 'Visible': True, 'Votes': 27, 'VotersIDs': [], 'IsUserRecommentaion': False, 'RecommenderID': '63'}, {'MusicName': 'Economic crime.', 'Visible': True, 'Votes': 3, 'VotersIDs': ['63'], 'IsUserRecommentaion': False, 'RecommenderID': ''}, {'MusicName': 'Wait design.', 'Visible': True, 'Votes': 33, 'VotersIDs': ['18', '2'], 'IsUserRecommentaion': True, 'RecommenderID': ''}, {'MusicName': 'Current.', 'Visible': False, 'Votes': 1, 'VotersIDs': ['42', '26', '6', '98', '38'], 'IsUserRecommentaion': False, 'RecommenderID': ''}], 'EnableUserRecommendation': False}"
34,57,QR34,"{'MusicPlaylist': [{'MusicName': 'Picture raise.', 'Visible': False, 'Votes': 1, 'VotersIDs': [], 'IsUserRecommentaion': True, 'RecommenderID': ''}, {'MusicName': 'Mind hard.', 'Visible': False, 'Votes': 34, 'VotersIDs': [], 'IsUserRecommentaion': True, 'RecommenderID': '61'}, {'MusicName': 'Despite.', 'Visible': True, 'Votes': 32, 'VotersIDs': ['35', '19', '22'], 'IsUserRecommentaion': True, 'RecommenderID': ''}, {'MusicName': 'Reveal eye.', 'Visible': False, 'Votes': 39, 'VotersIDs': ['78', '52', '78', '44'], 'IsUserRecommentaion': True, 'RecommenderID': '87'}, {'MusicName': 'Save answer.', 'Visible': False, 'Votes': 46, 'VotersIDs': ['4', '78', '45', '55', '24'], 'IsUserRecommentaion': True, 'RecommenderID': ''}, {'MusicName': 'American.', 'Visible': False, 'Votes': 0, 'VotersIDs': ['56', '91', '87', '16'], 'IsUserRecommentaion': True, 'RecommenderID': ''}], 'EnableUserRecommendation': False}"
35,70,QR35,"{'MusicPlaylist': [{'MusicName': 'Decide kid.', 'Visible': True, 'Votes': 5, 'VotersIDs': ['86'], 'IsUserRecommentaion': False, 'RecommenderID': ''}, {'MusicName': 'Situation own.', 'Visible': True, 'Votes': 7, 'VotersIDs': [], 'IsUserRecommentaion': True, 'RecommenderID': ''}, {'MusicName': 'Thing.', 'Visible': True, 'Votes': 39, 'VotersIDs': ['48', '60'], 'IsUserRecommentaion': False, 'RecommenderID': '96'}, {'MusicName': 'Body save.', 'Visible': True, 'Votes': 29, 'VotersIDs': ['41', '31', '54', '99', '14'], 'IsUserRecommentaion': True, 'RecommenderID': ''}, {'MusicName': 'Course hold.', 'Visible': False, 'Votes': 5, 'VotersIDs': ['65', '23', '7', '23'], 'IsUserRecommentaion': True, 'RecommenderID': ''}, {'MusicName': 'Design animal.', 'Visible': False, 'Votes': 33, 'VotersIDs': [], 'IsUserRecommentaion': True, 'RecommenderID': '25'}, {'MusicName': 'Republican each.', 'Visible': True, 'Votes': 8, 'VotersIDs': ['39', '18', '23', '11'], 'IsUserRecommentaion': True, 'RecommenderID': '15'}], 'EnableUserRecommendation': True}"
36,16,QR36,"{'MusicPlaylist': [{'MusicName': 'Success.', 'Visible': False, 'Votes': 48, 'VotersIDs': ['47', '24', '91', '73', '31'], 'IsUserRecommentaion': False, 'RecommenderID': '55'}, {'MusicName': 'Religious.', 'Visible': True, 'Votes': 4, 'VotersIDs': ['33', '24', '12', '50', '26'], 'IsUserRecommentaion': True, 'RecommenderID': '13'}, {'MusicName': 'Room.', 'Visible': False, 'Votes': 19, 'VotersIDs': ['42', '66', '42', '27', '92'], 'IsUserRecommentaion': True, 'RecommenderID': ''}, {'MusicName': 'Cup manage.', 'Visible': True, 'Votes': 19, 'VotersIDs': ['53', '88', '85', '31', '48'], 'IsUserRecommentaion': False, 'RecommenderID': ''}, {'MusicName': 'Discover across.', 'Visible': True, 'Votes': 14, 'VotersIDs': ['2', '67', '40', '42'], 'IsUserRecommentaion': False, 'RecommenderID': ''}, {'MusicName': 'Memory.', 'Visible': False, 'Votes': 14, 'VotersIDs': ['47', '47'], 'IsUserRecommentaion': False, 'RecommenderID': ''}, {'MusicName': 'International.', 'Visible': True, 'Votes': 39, 'VotersIDs': ['21'], 'IsUserRecommentaion': False, 'RecommenderID': '74'}], 'EnableUserRecommendation': False}"
37,74,QR37,"{'MusicPlaylist': [{'MusicName': 'Act.', 'Visible': True, 'Votes': 46, 'VotersIDs': ['63'], 'IsUserRecommentaion': True, 'RecommenderID': ''}, {'MusicName': 'Campaign.', 'Visible': False, 'Votes': 31, 'VotersIDs': [], 'IsUserRecommentaion': False, 'RecommenderID': '77'}, {'MusicName': 'Wait.', 'Visible': True, 'Votes': 39, 'VotersIDs': ['47', '87', '7', '87', '58'], 'IsUserRecommentaion': True, 'RecommenderID': ''}, {'MusicName': 'Threat.', 'Visible': False, 'Votes': 50, 'VotersIDs': ['3', '11', '73'], 'IsUserRecommentaion': True, 'RecommenderID': '97'}, {'MusicName': 'Word through.', 'Visible': True, 'Votes': 34, 'VotersIDs': ['74', '48', '49'], 'IsUserRecommentaion': False, 'RecommenderID': ''}, {'MusicName': 'Police.', 'Visible': True, 'Votes': 5, 'VotersIDs': ['43', '22', '37'], 'IsUserRecommentaion': False, 'RecommenderID': '29'}, {'MusicName': 'With.', 'Visible': False, 'Votes': 9, 'VotersIDs': ['55', '4'], 'IsUserRecommentaion': False, 'RecommenderID': '97'}], 'EnableUserRecommendation': True}"
38,14,QR38,"{'MusicPlaylist': [{'MusicName': 'Physical.', 'Visible': True, 'Votes': 34, 'VotersIDs': ['76'], 'IsUserRecommentaion': False, 'RecommenderID': ''}, {'MusicName': 'Party throughout.', 'Visible': False, 'Votes': 23, 'VotersIDs': ['97'], 'IsUserRecommentaion': False, 'RecommenderID': ''}, {'MusicName': 'What picture.', 'Visible': False, 'Votes': 7, 'VotersIDs': ['4', '58'], 'IsUserRecommentaion': True, 'RecommenderID': ''}], 'EnableUserRecommendation': True}"
39,99,QR39,"{'MusicPlaylist': [{'MusicName': 'Man market.', 'Visible': False, 'Votes': 45, 'VotersIDs': ['71', '99'], 'IsUserRecommentaion': True, 'RecommenderID': ''}, {'MusicName': 'Government.', 'Visible': True, 'Votes': 2, 'VotersIDs': ['92', '67'], 'IsUserRecommentaion': False, 'RecommenderID': '46'}, {'MusicName': 'Past eye.', 'Visible': False, 'Votes': 48, 'VotersIDs': [], 'IsUserRecommentaion': True, 'RecommenderID': '21'}], 'EnableUserRecommendation': False}"
40,14,QR40,"{'MusicPlaylist': [{'MusicName': 'Even.', 'Visible': False, 'Votes': 20, 'VotersIDs': ['14', '24', '65', '51', '64'], 'IsUserRecommentaion': True, 'RecommenderID': ''}, {'MusicName': 'Door nor.', 'Visible': True, 'Votes': 9, 'VotersIDs': ['76', '16', '45'], 'IsUserRecommentaion': True, 'RecommenderID': ''}, {'MusicName': 'Ground.', 'Visible': False, 'Votes': 5, 'VotersIDs': ['44', '2', '12', '26', '47'], 'IsUserRecommentaion': False, 'RecommenderID': '40'}], 'EnableUserRecommendation': True}"
41,29,QR41,"{'MusicPlaylist': [{'MusicName': 'Way.', 'Visible': True, 'Votes': 0, 'VotersIDs': ['14', '26', '86', '9'], 'IsUserRecommentaion': True, 'RecommenderID': ''}, {'MusicName': 'Hope either.', 'Visible': False, 'Votes': 13, 'VotersIDs': ['68', '14', '70', '57', '13'], 'IsUserRecommentaion': False, 'RecommenderID': '68'}, {'MusicName': 'Begin short.', 'Visible': True, 'Votes': 7, 'VotersIDs': ['30', '53', '87', '53', '60'], 'IsUserRecommentaion': True, 'RecommenderID': '83'}, {'MusicName': 'Nearly improve.', 'Visible': False, 'Votes': 8, 'VotersIDs': [], 'IsUserRecommentaion': True, 'RecommenderID': '66'}, {'MusicName': 'Development.', 'Visible': True, 'Votes': 46, 'VotersIDs': ['44', '97', '15', '85', '53'], 'IsUserRecommentaion': False, 'RecommenderID': '59'}, {'MusicName': 'According.', 'Visible': True, 'Votes': 43, 'VotersIDs': ['51'], 'IsUserRecommentaion': True, 'RecommenderID': ''}], 'EnableUserRecommendation': False}"
42,26,QR42,"{'MusicPlaylist': [{'MusicName': 'Their.', 'Visible': False, 'Votes': 37, 'VotersIDs': ['45', '17', '59', '64'], 'IsUserRecommentaion': False, 'RecommenderID': ''}, {'MusicName': 'Think bed.', 'Visible': True, 'Votes': 35, 'VotersIDs': ['67', '70'], 'IsUserRecommentaion': True, 'RecommenderID': ''}, {'MusicName': 'Out.', 'Visible': False, 'Votes': 17, 'VotersIDs': ['9'], 'IsUserRecommentaion': False, 'RecommenderID': '74'}, {'MusicName': 'From rock.', 'Visible': True, 'Votes': 46, 'VotersIDs': ['10', '27'], 'IsUserRecommentaion': False, 'RecommenderID': '49'}], 'EnableUserRecommendation': False}"
43,68,QR43,"{'MusicPlaylist': [{'MusicName': 'Phone.', 'Visible': False, 'Votes': 28, 'VotersIDs': ['12'], 'IsUserRecommentaion': False, 'RecommenderID': ''}, {'MusicName': 'A.', 'Visible': False, 'Votes': 4, 'VotersIDs': ['90', '17', '33'], 'IsUserRecommentaion': False, 'RecommenderID': '95'}, {'MusicName': 'Plant.', 'Visible': True, 'Votes': 20, 'VotersIDs': ['32', '52', '66', '53', '88'], 'IsUserRecommentaion': True, 'RecommenderID': '61'}, {'MusicName': 'Along.', 'Visible': False, 'Votes': 44, 'VotersIDs': ['49', '90', '72', '86', '29'], 'IsUserRecommentaion': True, 'RecommenderID': ''}], 'EnableUserRecommendation': False}"
44,80,QR44,"{'MusicPlaylist': [{'MusicName': 'Ago.', 'Visible': True, 'Votes': 41, 'VotersIDs': [], 'IsUserRecommentaion': False, 'RecommenderID': ''}, {'MusicName': 'Interesting.', 'Visible': True, 'Votes': 31, 'VotersIDs': ['26', '89', '40', '63'], 'IsUserRecommentaion': True, 'RecommenderID': '1'}, {'MusicName': 'Fund soon.', 'Visible': False, 'Votes': 12, 'VotersIDs': [], 'IsUserRecommentaion': True, 'RecommenderID': '30'}, {'MusicName': 'Seek.', 'Visible': True, 'Votes': 0, 'VotersIDs': ['11', '26', '40', '63', '65'], 'IsUserRecommentaion': True, 'RecommenderID': ''}], 'EnableUserRecommendation': False}"
45,7,QR45,"{'MusicPlaylist': [{'MusicName': 'Pressure way.', 'Visible': False, 'Votes': 10, 'VotersIDs': ['28', '6', '1'], 'IsUserRecommentaion': False, 'RecommenderID': '9'}, {'MusicName': 'Medical.', 'Visible': True, 'Votes': 47, 'VotersIDs': ['20', '26', '19', '36', '37'], 'IsUserRecommentaion': True, 'RecommenderID': '23'}, {'MusicName': 'Stay financial.', 'Visible': False, 'Votes': 41, 'VotersIDs': ['32', '84', '89'], 'IsUserRecommentaion': False, 'RecommenderID': '71'}, {'MusicName': 'Theory onto.', 'Visible': True, 'Votes': 7, 'VotersIDs': ['49', '53', '86'], 'IsUserRecommentaion': False, 'RecommenderID': ''}, {'MusicName': 'Past performance.', 'Visible': False, 'Votes': 18, 'VotersIDs': ['29', '26', '73', '74', '39'], 'IsUserRecommentaion': False, 'RecommenderID': ''}, {'MusicName': 'Attorney kid.', 'Visible': False, 'Votes': 29, 'VotersIDs': ['60', '81', '16', '56', '34'], 'IsUserRecommentaion': True, 'RecommenderID': '35'}, {'MusicName': 'Amount.', 'Visible': False, 'Votes': 8, 'VotersIDs': ['1', '40', '39', '68', '94'], 'IsUserRecommentaion': True, 'RecommenderID': ''}], 'EnableUserRecommendation': True}"
46,10,QR46,"{'MusicPlaylist': [{'MusicName': 'Onto small.', 'Visible': True, 'Votes': 35, 'VotersIDs': ['47', '52', '14', '76'], 'IsUserRecommentaion': True, 'RecommenderID': '73'}, {'MusicName': 'Front.', 'Visible': True, 'Votes': 24, 'VotersIDs': ['26', '85'], 'IsUserRecommentaion': True, 'RecommenderID': ''}, {'MusicName': 'End investment.', 'Visible': False, 'Votes': 8, 'VotersIDs': ['11'], 'IsUserRecommentaion': False, 'RecommenderID': '69'}, {'MusicName': 'Teach offer.', 'Visible': True, 'Votes': 48, 'VotersIDs': ['32', '71', '17', '13', '14'], 'IsUserRecommentaion': False, 'RecommenderID': '46'}, {'MusicName': 'More during.', 'Visible': True, 'Votes': 48, 'VotersIDs': ['9', '79', '100', '93'], 'IsUserRecommentaion': False, 'RecommenderID': '31'}, {'MusicName': 'Attorney race.', 'Visible': False, 'Votes': 13, 'VotersIDs': ['67', '40', '73', '20'], 'IsUserRecommentaion': True, 'RecommenderID': '65'}], 'EnableUserRecommendation': True}"
47,92,QR47,"{'MusicPlaylist': [{'MusicName': 'Reveal rich.', 'Visible': False, 'Votes': 28, 'VotersIDs': ['22', '43', '96', '39', '79'], 'IsUserRecommentaion': True, 'RecommenderID': ''}, {'MusicName': 'Kind.', 'Visible': False, 'Votes': 48, 'VotersIDs': ['18'], 'IsUserRecommentaion': True, 'RecommenderID': '24'}, {'MusicName': 'Include three.', 'Visible': True, 'Votes': 41, 'VotersIDs': ['98', '23', '3', '29', '93'], 'IsUserRecommentaion': False, 'RecommenderID': '73'}], 'EnableUserRecommendation': False}"
48,50,QR48,"{'MusicPlaylist': [{'MusicName': 'Manager.', 'Visible': False, 'Votes': 22, 'VotersIDs': ['93', '63', '35'], 'IsUserRecommentaion': True, 'RecommenderID': ''}, {'MusicName': 'Hear line.', 'Visible': True, 'Votes': 39, 'VotersIDs': ['86', '33'], 'IsUserRecommentaion': True, 'RecommenderID': '71'}, {'MusicName': 'Until.', 'Visible': False, 'Votes': 38, 'VotersIDs': [], 'IsUserRecommentaion': False, 'RecommenderID': ''}, {'MusicName': 'Professional.', 'Visible': False, 'Votes': 44, 'VotersIDs': [], 'IsUserRecommentaion': False, 'RecommenderID': '10'}, {'MusicName': 'Try.', 'Visible': True, 'Votes': 40, 'VotersIDs': ['89', '38'], 'IsUserRecommentaion': True, 'RecommenderID': '71'}, {'MusicName': 'Not.', 'Visible': False, 'Votes': 0, 'VotersIDs': ['8', '9', '99', '68', '29'], 'IsUserRecommentaion': False, 'RecommenderID': ''}, {'MusicName': 'Road generation.', 'Visible': False, 'Votes': 28, 'VotersIDs': [], 'IsUserRecommentaion': False, 'RecommenderID': '53'}], 'EnableUserRecommendation': False}"
49,59,QR49,"{'MusicPlaylist': [{'MusicName': 'Small difference.', 'Visible': False, 'Votes': 41, 'VotersIDs': ['5', '99', '43'], 'IsUserRecommentaion': True, 'RecommenderID': ''}, {'MusicName': 'School.', 'Visible': True, 'Votes': 22, 'VotersIDs': ['86', '69', '22', '50'], 'IsUserRecommentaion': True, 'RecommenderID': ''}, {'MusicName': 'Ability.', 'Visible': True, 'Votes': 47, 'VotersIDs': ['29'], 'IsUserRecommentaion': False, 'RecommenderID': ''}, {'MusicName': 'Parent.', 'Visible': False, 'Votes': 0, 'VotersIDs': ['37', '39'], 'IsUserRecommentaion': False, 'RecommenderID': '85'}], 'EnableUserRecommendation': True}"
50,30,QR50,"{'MusicPlaylist': [{'MusicName': 'Whom.', 'Visible': True, 'Votes': 2, 'VotersIDs': ['4', '66', '96'], 'IsUserRecommentaion': False, 'RecommenderID': ''}, {'MusicName': 'Natural.', 'Visible': True, 'Votes': 41, 'VotersIDs': ['5', '44', '8', '22', '6'], 'IsUserRecommentaion': False, 'RecommenderID': '42'}, {'MusicName': 'Piece.', 'Visible': True, 'Votes': 25, 'VotersIDs': ['9', '95'], 'IsUserRecommentaion': False, 'RecommenderID': ''}], 'EnableUserRecommendation': False}"
51,23,QR51,"{'MusicPlaylist': [{'MusicName': 'Agency.', 'Visible': True, 'Votes': 18, 'VotersIDs': ['16'], 'IsUserRecommentaion': False, 'RecommenderID': ''}, {'MusicName': 'Industry team.', 'Visible': False, 'Votes': 17, 'VotersIDs': ['20', '24', '38', '88'], 'IsUserRecommentaion': False, 'RecommenderID': '98'}, {'MusicName': 'Gas meeting.', 'Visible': False, 'Votes': 29, 'VotersIDs': ['34'], 'IsUserRecommentaion': True, 'RecommenderID': ''}, {'MusicName': 'Avoid.', 'Visible': True, 'Votes': 49, 'VotersIDs': [], 'IsUserRecommentaion': False, 'RecommenderID': '71'}, {'MusicName': 'Simply.', 'Visible': False, 'Votes': 17, 'VotersIDs': [], 'IsUserRecommentaion': True, 'RecommenderID': '21'}, {'MusicName': 'Arm side.', 'Visible': False, 'Votes': 12, 'VotersIDs': ['58', '78'], 'IsUserRecommentaion': True, 'RecommenderID': ''}], 'EnableUserRecommendation': True}"
52,37,QR52,"{'MusicPlaylist': [{'MusicName': 'Yeah baby.', 'Visible': False, 'Votes': 43, 'VotersIDs': ['49', '57'], 'IsUserRecommentaion': True, 'RecommenderID': ''}, {'MusicName': 'Field benefit.', 'Visible': False, 'Votes': 6, 'VotersIDs': ['87', '75'], 'IsUserRecommentaion': False, 'RecommenderID': '89'}, {'MusicName': 'Agreement.', 'Visible': True, 'Votes': 1, 'VotersIDs': ['42'], 'IsUserRecommentaion': True, 'RecommenderID': '93'}], 'EnableUserRecommendation': True}"
53,4,QR53,"{'MusicPlaylist': [{'MusicName': 'Military.', 'Visible': False, 'Votes': 34, 'VotersIDs': ['53', '81', '77', '83'], 'IsUserRecommentaion': False, 'RecommenderID': '81'}, {'MusicName': 'Whom.', 'Visible': True, 'Votes': 4, 'VotersIDs': ['16', '82'], 'IsUserRecommentaion': True, 'RecommenderID': ''}, {'MusicName': 'Heart appear.', 'Visible': False, 'Votes': 10, 'VotersIDs': ['80', '60'], 'IsUserRecommentaion': False, 'RecommenderID': '95'}, {'MusicName': 'Film.', 'Visible': False, 'Votes': 38, 'VotersIDs': ['31', '54', '26', '96', '50'], 'IsUserRecommentaion': True, 'RecommenderID': '97'}, {'MusicName': 'Represent it.', 'Visible': False, 'Votes': 34, 'VotersIDs': ['29', '88', '71', '5'], 'IsUserRecommentaion': False, 'RecommenderID': ''}, {'MusicName': 'Enter position.', 'Visible': False, 'Votes': 18, 'VotersIDs': ['49', '50', '68'], 'IsUserRecommentaion': True, 'RecommenderID': ''}, {'MusicName': 'Once PM.', 'Visible': False, 'Votes': 34, 'VotersIDs': ['19', '100', '97'], 'IsUserRecommentaion': False, 'RecommenderID': ''}], 'EnableUserRecommendation': True}"
54,34,QR54,"{'MusicPlaylist': [{'MusicName': 'Become.', 'Visible': False, 'Votes': 13, 'VotersIDs': ['67', '13', '41', '99', '37'], 'IsUserRecommentaion': True, 'RecommenderID': ''}, {'MusicName': 'Design of.', 'Visible': False, 'Votes': 2, 'VotersIDs': ['17', '46', '92'], 'IsUserRecommentaion': True, 'RecommenderID': '33'}, {'MusicName': 'Keep international.', 'Visible': False, 'Votes': 44, 'VotersIDs': ['75', '27', '51'], 'IsUserRecommentaion': True, 'RecommenderID': ''}, {'MusicName': 'Rich alone.', 'Visible': False, 'Votes': 43, 'VotersIDs': [], 'IsUserRecommentaion': False, 'RecommenderID': ''}, {'MusicName': 'Food should.', 'Visible': True, 'Votes': 33, 'VotersIDs': ['43'], 'IsUserRecommentaion': True, 'RecommenderID': '85'}, {'MusicName': 'Step.', 'Visible': True, 'Votes': 48, 'VotersIDs': ['88', '98', '71'], 'IsUserRecommentaion': False, 'RecommenderID': '16'}], 'EnableUserRecommendation': False}"
55,94,QR55,"{'MusicPlaylist': [{'MusicName': 'Majority.', 'Visible': True, 'Votes': 20, 'VotersIDs': ['3', '43', '9', '25', '5'], 'IsUserRecommentaion': True, 'RecommenderID': '70'}, {'MusicName': 'South.', 'Visible': False, 'Votes': 8, 'VotersIDs': ['80', '10'], 'IsUserRecommentaion': True, 'RecommenderID': '10'}, {'MusicName': 'Door.', 'Visible': False, 'Votes': 46, 'VotersIDs': ['80'], 'IsUserRecommentaion': False, 'RecommenderID': '48'}], 'EnableUserRecommendation': True}"
56,90,QR56,"{'MusicPlaylist': [{'MusicName': 'Me.', 'Visible': False, 'Votes': 18, 'VotersIDs': ['46', '88', '98', '58'], 'IsUserRecommentaion': True, 'RecommenderID': ''}, {'MusicName': 'Student.', 'Visible': False, 'Votes': 9, 'VotersIDs': ['85', '14', '13', '80'], 'IsUserRecommentaion': True, 'RecommenderID': '75'}, {'MusicName': 'Dream.', 'Visible': False, 'Votes': 30, 'VotersIDs': ['41', '23', '99', '8'], 'IsUserRecommentaion': True, 'RecommenderID': ''}, {'MusicName': 'Hear lay.', 'Visible': True, 'Votes': 23, 'VotersIDs': ['85', '59', '44', '7', '36'], 'IsUserRecommentaion': True, 'RecommenderID': ''}], 'EnableUserRecommendation': False}"
57,41,QR57,"{'MusicPlaylist': [{'MusicName': 'Else something.', 'Visible': False, 'Votes': 3, 'VotersIDs': [], 'IsUserRecommentaion': True, 'RecommenderID': '64'}, {'MusicName': 'Safe office.', 'Visible': False, 'Votes': 26, 'VotersIDs': ['38', '40'], 'IsUserRecommentaion': True, 'RecommenderID': ''}, {'MusicName': 'Maintain our.', 'Visible': False, 'Votes': 30, 'VotersIDs': ['91', '14', '30', '46'], 'IsUserRecommentaion': True, 'RecommenderID': '89'}, {'MusicName': 'Design.', 'Visible': True, 'Votes': 22, 'VotersIDs': ['19', '14', '68'], 'IsUserRecommentaion': True, 'RecommenderID': ''}, {'MusicName': 'Always might.', 'Visible': True, 'Votes': 21, 'VotersIDs': ['11', '21', '38'], 'IsUserRecommentaion': False, 'RecommenderID': ''}], 'EnableUserRecommendation': True}"
58,13,QR58,"{'MusicPlaylist': [{'MusicName': 'Option.', 'Visible': True, 'Votes': 6, 'VotersIDs': ['6', '6', '7', '13'], 'IsUserRecommentaion': True, 'RecommenderID': ''}, {'MusicName': 'Smile stuff.', 'Visible': True, 'Votes': 33, 'VotersIDs': ['76', '71', '46', '23'], 'IsUserRecommentaion': False, 'RecommenderID': ''}, {'MusicName': 'Deal.', 'Visible': False, 'Votes': 40, 'VotersIDs': ['99'], 'IsUserRecommentaion': False, 'RecommenderID': ''}], 'EnableUserRecommendation': False}"
59,29,QR59,"{'MusicPlaylist': [{'MusicName': 'Main.', 'Visible': False, 'Votes': 44, 'VotersIDs': [], 'IsUserRecommentaion': False, 'RecommenderID': ''}, {'MusicName': 'Can.', 'Visible': False, 'Votes': 40, 'VotersIDs': ['73'], 'IsUserRecommentaion': False, 'RecommenderID': ''}, {'MusicName': 'Site.', 'Visible': True, 'Votes': 32, 'VotersIDs': ['26', '52', '7'], 'IsUserRecommentaion': True, 'RecommenderID': ''}, {'MusicName': 'Really serve.', 'Visible': False, 'Votes': 30, 'VotersIDs': [], 'IsUserRecommentaion': True, 'RecommenderID': ''}, {'MusicName': 'Option hotel.', 'Visible': False, 'Votes': 21, 'VotersIDs': ['60', '90', '78', '91'], 'IsUserRecommentaion': True, 'RecommenderID': '67'}, {'MusicName': 'Finally.', 'Visible': True, 'Votes': 36, 'VotersIDs': ['62'], 'IsUserRecommentaion': True, 'RecommenderID': '84'}], 'EnableUserRecommendation': True}"
60,44,QR60,"{'MusicPlaylist': [{'MusicName': 'Game they.', 'Visible': True, 'Votes': 34, 'VotersIDs': ['92'], 'IsUserRecommentaion': True, 'RecommenderID': ''}, {'MusicName': 'Yourself issue.', 'Visible': False, 'Votes': 36, 'VotersIDs': ['34', '25'], 'IsUserRecommentaion': False, 'RecommenderID': '22'}, {'MusicName': 'Throw.', 'Visible': False, 'Votes': 18, 'VotersIDs': ['85'], 'IsUserRecommentaion': True, 'RecommenderID': ''}], 'EnableUserRecommendation': True}"
61,24,QR61,"{'MusicPlaylist': [{'MusicName': 'Administration before.', 'Visible': False, 'Votes': 33, 'VotersIDs': ['56', '72', '28', '22', '42'], 'IsUserRecommentaion': True, 'RecommenderID': '19'}, {'MusicName': 'World.', 'Visible': True, 'Votes': 3, 'VotersIDs': ['62'], 'IsUserRecommentaion': False, 'RecommenderID': ''}, {'MusicName': 'No probably.', 'Visible': True, 'Votes': 36, 'VotersIDs': ['72', '20', '58', '59'], 'IsUserRecommentaion': False, 'RecommenderID': ''}, {'MusicName': 'Military carry.', 'Visible': True, 'Votes': 16, 'VotersIDs': ['88'], 'IsUserRecommentaion': True, 'RecommenderID': ''}, {'MusicName': 'Measure sort.', 'Visible': False, 'Votes': 38, 'VotersIDs': ['29', '36', '100'], 'IsUserRecommentaion': False, 'RecommenderID': '71'}, {'MusicName': 'Prevent beyond.', 'Visible': False, 'Votes': 50, 'VotersIDs': ['97', '93', '39', '34', '44'], 'IsUserRecommentaion': False, 'RecommenderID': '33'}, {'MusicName': 'Recognize for.', 'Visible': True, 'Votes': 10, 'VotersIDs': ['86', '40', '4'], 'IsUserRecommentaion': True, 'RecommenderID': '27'}], 'EnableUserRecommendation': True}"
62,97,QR62,"{'MusicPlaylist': [{'MusicName': 'Major dream.', 'Visible': False, 'Votes': 27, 'VotersIDs': ['74', '95', '70', '90'], 'IsUserRecommentaion': True, 'RecommenderID': '96'}, {'MusicName': 'Local.', 'Visible': False, 'Votes': 45, 'VotersIDs': ['89', '48'], 'IsUserRecommentaion': False, 'RecommenderID': '90'}, {'MusicName': 'How stand.', 'Visible': True, 'Votes': 10, 'VotersIDs': ['54', '98'], 'IsUserRecommentaion': False, 'RecommenderID': '21'}, {'MusicName': 'Agency.', 'Visible': True, 'Votes': 9, 'VotersIDs': ['5', '87', '78'], 'IsUserRecommentaion': False, 'RecommenderID': '85'}, {'MusicName': 'Heart wife.', 'Visible': True, 'Votes': 48, 'VotersIDs': ['86', '21', '88'], 'IsUserRecommentaion': True, 'RecommenderID': ''}, {'MusicName': 'Operation conference.', 'Visible': True, 'Votes': 36, 'VotersIDs': ['100', '69', '30', '7'], 'IsUserRecommentaion': True, 'RecommenderID': ''}, {'MusicName': 'Performance power.', 'Visible': True, 'Votes': 21, 'VotersIDs': ['18'], 'IsUserRecommentaion': True, 'RecommenderID': ''}], 'EnableUserRecommendation': False}"
63,63,QR63,"{'MusicPlaylist': [{'MusicName': 'Treatment race.', 'Visible': True, 'Votes': 43, 'VotersIDs': ['77', '64', '87', '96'], 'IsUserRecommentaion': False, 'RecommenderID': '4'}, {'MusicName': 'Camera.', 'Visible': False, 'Votes': 31, 'VotersIDs': ['96'], 'IsUserRecommentaion': True, 'RecommenderID': '95'}, {'MusicName': 'Lose.', 'Visible': False, 'Votes': 22, 'VotersIDs': ['28', '65'], 'IsUserRecommentaion': True, 'RecommenderID': ''}], 'EnableUserRecommendation': False}"
64,33,QR64,"{'MusicPlaylist': [{'MusicName': 'Pressure.', 'Visible': False, 'Votes': 41, 'VotersIDs': ['55', '82', '39'], 'IsUserRecommentaion': False, 'RecommenderID': '66'}, {'MusicName': 'Daughter store.', 'Visible': False, 'Votes': 28, 'VotersIDs': ['49', '80', '88', '95'], 'IsUserRecommentaion': True, 'RecommenderID': '42'}, {'MusicName': 'Scientist single.', 'Visible': True, 'Votes': 13, 'VotersIDs': ['64', '12'], 'IsUserRecommentaion': True, 'RecommenderID': ''}], 'EnableUserRecommendation': False}"
65,83,QR65,"{'MusicPlaylist': [{'MusicName': 'Your.', 'Visible': True, 'Votes': 26, 'VotersIDs': ['8', '76', '84'], 'IsUserRecommentaion': False, 'RecommenderID': '13'}, {'MusicName': 'Firm.', 'Visible': False, 'Votes': 16, 'VotersIDs': ['90', '75', '85', '64'], 'IsUserRecommentaion': True, 'RecommenderID': '65'}, {'MusicName': 'Woman.', 'Visible': True, 'Votes': 30, 'VotersIDs': ['69', '48'], 'IsUserRecommentaion': False, 'RecommenderID': '4'}, {'MusicName': 'Remain.', 'Visible': True, 'Votes': 46, 'VotersIDs': ['61', '23', '61', '90'], 'IsUserRecommentaion': False, 'RecommenderID': ''}, {'MusicName': 'Early major.', 'Visible': True, 'Votes': 28, 'VotersIDs': ['85', '31'], 'IsUserRecommentaion': True, 'RecommenderID': '39'}], 'EnableUserRecommendation': True}"
66,6,QR66,"{'MusicPlaylist': [{'MusicName': 'Free after.', 'Visible': True, 'Votes': 10, 'VotersIDs': ['85', '38', '1', '92', '70'], 'IsUserRecommentaion': True, 'RecommenderID': ''}, {'MusicName': 'Executive.', 'Visible': False, 'Votes': 23, 'VotersIDs': [], 'IsUserRecommentaion': False, 'RecommenderID': '45'}, {'MusicName': 'Seat image.', 'Visible': True, 'Votes': 40, 'VotersIDs': ['89', '6'], 'IsUserRecommentaion': False, 'RecommenderID': '65'}, {'MusicName': 'Girl.', 'Visible': True, 'Votes': 25, 'VotersIDs': ['57', '46', '12', '85'], 'IsUserRecommentaion': False, 'RecommenderID': ''}, {'MusicName': 'Admit protect.', 'Visible': False, 'Votes': 44, 'VotersIDs': ['46', '42', '62'], 'IsUserRecommentaion': True, 'RecommenderID': ''}, {'MusicName': 'Remember.', 'Visible': False, 'Votes': 9, 'VotersIDs': [], 'IsUserRecommentaion': True, 'RecommenderID': ''}, {'MusicName': 'Wait allow.', 'Visible': False, 'Votes': 18, 'VotersIDs': ['37', '88', '13', '30', '76'], 'IsUserRecommentaion': True, 'RecommenderID': ''}], 'EnableUserRecommendation': False}"
67,89,QR67,"{'MusicPlaylist': [{'MusicName': 'Offer structure.', 'Visible': True, 'Votes': 49, 'VotersIDs': ['94'], 'IsUserRecommentaion': False, 'RecommenderID': ''}, {'MusicName': 'Much remain.', 'Visible': False, 'Votes': 27, 'VotersIDs': ['69', '40', '29', '58', '8'], 'IsUserRecommentaion': True, 'RecommenderID': ''}, {'MusicName': 'Radio among.', 'Visible': True, 'Votes': 22, 'VotersIDs': ['5', '76', '15'], 'IsUserRecommentaion': False, 'RecommenderID': ''}, {'MusicName': 'Early.', 'Visible': True, 'Votes': 35, 'VotersIDs': [], 'IsUserRecommentaion': True, 'RecommenderID': ''}, {'MusicName': 'Style.', 'Visible': False, 'Votes': 23, 'VotersIDs': ['76', '43', '71', '78', '79'], 'IsUserRecommentaion': True, 'RecommenderID': ''}], 'EnableUserRecommendation': False}"
68,51,QR68,"{'MusicPlaylist': [{'MusicName': 'Case ten.', 'Visible': True, 'Votes': 48, 'VotersIDs': [], 'IsUserRecommentaion': False, 'RecommenderID': ''}, {'MusicName': 'Hit.', 'Visible': False, 'Votes': 21, 'VotersIDs': ['14', '60', '27'], 'IsUserRecommentaion': False, 'RecommenderID': '32'}, {'MusicName': 'Win.', 'Visible': True, 'Votes': 39, 'VotersIDs': ['26'], 'IsUserRecommentaion': True, 'RecommenderID': ''}, {'MusicName': 'Benefit.', 'Visible': False, 'Votes': 27, 'VotersIDs': ['30', '60', '70'], 'IsUserRecommentaion': False, 'RecommenderID': ''}], 'EnableUserRecommendation': False}"
69,88,QR69,"{'MusicPlaylist': [{'MusicName': 'Book low.', 'Visible': True, 'Votes': 26, 'VotersIDs': ['46', '40', '6', '56'], 'IsUserRecommentaion': True, 'RecommenderID': '13'}, {'MusicName': 'After.', 'Visible': True, 'Votes': 9, 'VotersIDs': ['49', '74', '21', '36'], 'IsUserRecommentaion': False, 'RecommenderID': '39'}, {'MusicName': 'Recent later.', 'Visible': True, 'Votes': 35, 'VotersIDs': [], 'IsUserRecommentaion': True, 'RecommenderID': ''}, {'MusicName': 'Natural call.', 'Visible': False, 'Votes': 20, 'VotersIDs': ['46', '80', '27'], 'IsUserRecommentaion': False, 'RecommenderID': ''}, {'MusicName': 'Current.', 'Visible': True, 'Votes': 16, 'VotersIDs': ['28'], 'IsUserRecommentaion': True, 'RecommenderID': '33'}, {'MusicName': 'This attention.', 'Visible': False, 'Votes': 34, 'VotersIDs': [], 'IsUserRecommentaion': False, 'RecommenderID': ''}], 'EnableUserRecommendation': True}"
70,77,QR70,"{'MusicPlaylist': [{'MusicName': 'Establish.', 'Visible': True, 'Votes': 39, 'VotersIDs': ['10', '100', '20'], 'IsUserRecommentaion': True, 'RecommenderID': '34'}, {'MusicName': 'Ago.', 'Visible': True, 'Votes': 29, 'VotersIDs': ['56', '87', '44', '47'], 'IsUserRecommentaion': True, 'RecommenderID': ''}, {'MusicName': 'Somebody director.', 'Visible': False, 'Votes': 8, 'VotersIDs': ['72', '39', '19', '91', '42'], 'IsUserRecommentaion': True, 'RecommenderID': '45'}, {'MusicName': 'During together.', 'Visible': False, 'Votes': 22, 'VotersIDs': ['16', '73'], 'IsUserRecommentaion': False, 'RecommenderID': '29'}, {'MusicName': 'General.', 'Visible': True, 'Votes': 42, 'VotersIDs': [], 'IsUserRecommentaion': False, 'RecommenderID': ''}, {'MusicName': 'According bring.', 'Visible': True, 'Votes': 50, 'VotersIDs': ['97', '8', '88', '33', '3'], 'IsUserRecommentaion': True, 'RecommenderID': ''}, {'MusicName': 'Near stay.', 'Visible': False, 'Votes': 32, 'VotersIDs': [], 'IsUserRecommentaion': False, 'RecommenderID': ''}], 'EnableUserRecommendation': True}"
71,85,QR71,"{'MusicPlaylist': [{'MusicName': 'Decade car.', 'Visible': True, 'Votes': 31, 'VotersIDs': ['31', '26', '26', '53', '57'], 'IsUserRecommentaion': False, 'RecommenderID': '72'}, {'MusicName': 'Power our.', 'Visible': True, 'Votes': 21, 'VotersIDs': ['18', '62', '62', '21', '98'], 'IsUserRecommentaion': False, 'RecommenderID': '85'}, {'MusicName': 'Institution public.', 'Visible': True, 'Votes': 31, 'VotersIDs': ['6', '69', '37', '28'], 'IsUserRecommentaion': True, 'RecommenderID': ''}, {'MusicName': 'Son.', 'Visible': False, 'Votes': 42, 'VotersIDs': ['74', '77'], 'IsUserRecommentaion': True, 'RecommenderID': ''}, {'MusicName': 'Sister more.', 'Visible': True, 'Votes': 8, 'VotersIDs': ['7'], 'IsUserRecommentaion': True, 'RecommenderID': ''}, {'MusicName': 'View hundred.', 'Visible': True, 'Votes': 18, 'VotersIDs': ['49', '73', '5', '62', '44'], 'IsUserRecommentaion': True, 'RecommenderID': '19'}], 'EnableUserRecommendation': True}"
72,66,QR72,"{'MusicPlaylist': [{'MusicName': 'Poor tell.', 'Visible': True, 'Votes': 12, 'VotersIDs': ['62', '55'], 'IsUserRecommentaion': True, 'RecommenderID': ''}, {'MusicName': 'Suggest.', 'Visible': False, 'Votes': 32, 'VotersIDs': ['90'], 'IsUserRecommentaion': False, 'RecommenderID': '69'}, {'MusicName': 'Watch.', 'Visible': True, 'Votes': 13, 'VotersIDs': ['25', '15', '22', '93', '19'], 'IsUserRecommentaion': False, 'RecommenderID': ''}, {'MusicName': 'Degree study.', 'Visible': True, 'Votes': 16, 'VotersIDs': ['28', '43'], 'IsUserRecommentaion': True, 'RecommenderID': ''}, {'MusicName': 'Sport.', 'Visible': False, 'Votes': 4, 'VotersIDs': ['91'], 'IsUserRecommentaion': True, 'RecommenderID': '44'}, {'MusicName': 'Collection.', 'Visible': True, 'Votes': 39, 'VotersIDs': ['61'], 'IsUserRecommentaion': True, 'RecommenderID': ''}], 'EnableUserRecommendation': False}"
73,71,QR73,"{'MusicPlaylist': [{'MusicName': 'Series writer.', 'Visible': True, 'Votes': 9, 'VotersIDs': ['42', '33', '60', '48'], 'IsUserRecommentaion': True, 'RecommenderID': ''}, {'MusicName': 'They beat.', 'Visible': True, 'Votes': 2, 'VotersIDs': ['65', '39', '89'], 'IsUserRecommentaion': True, 'RecommenderID': '98'}, {'MusicName': 'Design.', 'Visible': True, 'Votes': 42, 'VotersIDs': ['53', '42', '78'], 'IsUserRecommentaion': False, 'RecommenderID': ''}, {'MusicName': 'Least.', 'Visible': False, 'Votes': 40, 'VotersIDs': ['18'], 'IsUserRecommentaion': True, 'RecommenderID': '22'}, {'MusicName': 'Partner.', 'Visible': True, 'Votes': 46, 'VotersIDs': [], 'IsUserRecommentaion': False, 'RecommenderID': '60'}, {'MusicName': 'Where best.', 'Visible': True, 'Votes': 0, 'VotersIDs': ['42', '33', '23'], 'IsUserRecommentaion': False, 'RecommenderID': ''}], 'EnableUserRecommendation': True}"
74,29,QR74,"{'MusicPlaylist': [{'MusicName': 'Above after.', 'Visible': True, 'Votes': 19, 'VotersIDs': ['38'], 'IsUserRecommentaion': False, 'RecommenderID': ''}, {'MusicName': 'Though.', 'Visible': False, 'Votes': 22, 'VotersIDs': ['22', '99', '73', '7'], 'IsUserRecommentaion': True, 'RecommenderID': ''}, {'MusicName': 'Be soon.', 'Visible': True, 'Votes': 50, 'VotersIDs': [], 'IsUserRecommentaion': True, 'RecommenderID': '13'}, {'MusicName': 'Lose amount.', 'Visible': False, 'Votes': 27, 'VotersIDs': [], 'IsUserRecommentaion': True, 'RecommenderID': ''}, {'MusicName': 'He.', 'Visible': True, 'Votes': 30, 'VotersIDs': ['44', '31', '80', '84', '33'], 'IsUserRecommentaion': True, 'RecommenderID': ''}, {'MusicName': 'Blue.', 'Visible': True, 'Votes': 11, 'VotersIDs': ['40', '38', '86', '52'], 'IsUserRecommentaion': False, 'RecommenderID': ''}], 'EnableUserRecommendation': True}"
75,36,QR75,"{'MusicPlaylist': [{'MusicName': 'Mean.', 'Visible': False, 'Votes': 18, 'VotersIDs': [], 'IsUserRecommentaion': True, 'RecommenderID': '81'}, {'MusicName': 'Time own.', 'Visible': False, 'Votes': 26, 'VotersIDs': ['7', '18'], 'IsUserRecommentaion': True, 'RecommenderID': ''}, {'MusicName': 'Building test.', 'Visible': False, 'Votes': 4, 'VotersIDs': ['87', '3', '61', '59'], 'IsUserRecommentaion': False, 'RecommenderID': '61'}, {'MusicName': 'Option.', 'Visible': True, 'Votes': 4, 'VotersIDs': ['71', '16', '95', '91'], 'IsUserRecommentaion': True, 'RecommenderID': ''}], 'EnableUserRecommendation': False}"
76,3,QR76,"{'MusicPlaylist': [{'MusicName': 'Believe.', 'Visible': False, 'Votes': 38, 'VotersIDs': ['89', '3', '100', '15'], 'IsUserRecommentaion': True, 'RecommenderID': '18'}, {'MusicName': 'Law.', 'Visible': False, 'Votes': 9, 'VotersIDs': [], 'IsUserRecommentaion': True, 'RecommenderID': '60'}, {'MusicName': 'Expect.', 'Visible': False, 'Votes': 38, 'VotersIDs': ['73', '58', '46', '75', '95'], 'IsUserRecommentaion': False, 'RecommenderID': ''}, {'MusicName': 'Them go.', 'Visible': True, 'Votes': 17, 'VotersIDs': ['19', '41', '80'], 'IsUserRecommentaion': False, 'RecommenderID': ''}, {'MusicName': 'Bank.', 'Visible': True, 'Votes': 37, 'VotersIDs': ['60', '38'], 'IsUserRecommentaion': True, 'RecommenderID': ''}, {'MusicName': 'Prepare.', 'Visible': True, 'Votes': 28, 'VotersIDs': ['34', '19', '40', '41'], 'IsUserRecommentaion': True, 'RecommenderID': '4'}, {'MusicName': 'Behavior toward.', 'Visible': False, 'Votes': 46, 'VotersIDs': ['15', '74'], 'IsUserRecommentaion': False, 'RecommenderID': '47'}], 'EnableUserRecommendation': True}"
77,4,QR77,"{'MusicPlaylist': [{'MusicName': 'Place positive.', 'Visible': False, 'Votes': 48, 'VotersIDs': ['73', '6', '8', '34'], 'IsUserRecommentaion': False, 'RecommenderID': ''}, {'MusicName': 'Yard.', 'Visible': True, 'Votes': 12, 'VotersIDs': ['93', '16'], 'IsUserRecommentaion': True, 'RecommenderID': '83'}, {'MusicName': 'Black.', 'Visible': True, 'Votes': 50, 'VotersIDs': [], 'IsUserRecommentaion': False, 'RecommenderID': ''}, {'MusicName': 'Free memory.', 'Visible': True, 'Votes': 43, 'VotersIDs': ['15'], 'IsUserRecommentaion': True, 'RecommenderID': ''}, {'MusicName': 'Real.', 'Visible': False, 'Votes': 16, 'VotersIDs': ['78', '2'], 'IsUserRecommentaion': True, 'RecommenderID': ''}], 'EnableUserRecommendation': True}"
78,35,QR78,"{'MusicPlaylist': [{'MusicName': 'Couple good.', 'Visible': True, 'Votes': 44, 'VotersIDs': ['84', '55'], 'IsUserRecommentaion': False, 'RecommenderID': '93'}, {'MusicName': 'Claim.', 'Visible': True, 'Votes': 12, 'VotersIDs': ['34', '42', '27'], 'IsUserRecommentaion': True, 'RecommenderID': ''}, {'MusicName': 'Step various.', 'Visible': True, 'Votes': 31, 'VotersIDs': ['58', '74', '64', '7', '92'], 'IsUserRecommentaion': True, 'RecommenderID': '43'}, {'MusicName': 'Establish.', 'Visible': True, 'Votes': 30, 'VotersIDs': ['75'], 'IsUserRecommentaion': True, 'RecommenderID': ''}, {'MusicName': 'Fact challenge.', 'Visible': True, 'Votes': 34, 'VotersIDs': [], 'IsUserRecommentaion': True, 'RecommenderID': ''}, {'MusicName': 'Rate.', 'Visible': False, 'Votes': 14, 'VotersIDs': [], 'IsUserRecommentaion': True, 'RecommenderID': '6'}], 'EnableUserRecommendation': False}"
79,36,QR79,"{'MusicPlaylist': [{'MusicName': 'Environment.', 'Visible': True, 'Votes': 50, 'VotersIDs': ['50', '93', '70', '17', '85'], 'IsUserRecommentaion': True, 'RecommenderID': ''}, {'MusicName': 'Mr partner.', 'Visible': True, 'Votes': 24, 'VotersIDs': ['83', '94', '71', '24', '66'], 'IsUserRecommentaion': True, 'RecommenderID': '92'}, {'MusicName': 'Contain through.', 'Visible': False, 'Votes': 20, 'VotersIDs': ['58', '48'], 'IsUserRecommentaion': True, 'RecommenderID': ''}, {'MusicName': 'Modern role.', 'Visible': False, 'Votes': 6, 'VotersIDs': ['49', '13'], 'IsUserRecommentaion': True, 'RecommenderID': '98'}, {'MusicName': 'Return social.', 'Visible': False, 'Votes': 38, 'VotersIDs': ['76', '16', '78', '22'], 'IsUserRecommentaion': True, 'RecommenderID': '22'}], 'EnableUserRecommendation': False}"
80,99,QR80,"{'MusicPlaylist': [{'MusicName': 'Structure scientist.', 'Visible': True, 'Votes': 28, 'VotersIDs': ['82', '72'], 'IsUserRecommentaion': True, 'RecommenderID': '11'}, {'MusicName': 'Current.', 'Visible': False, 'Votes': 34, 'VotersIDs': [], 'IsUserRecommentaion': False, 'RecommenderID': ''}, {'MusicName': 'Prevent.', 'Visible': False, 'Votes': 18, 'VotersIDs': ['36', '84', '10', '64', '15'], 'IsUserRecommentaion': True, 'RecommenderID': ''}, {'MusicName': 'Successful view.', 'Visible': False, 'Votes': 17, 'VotersIDs': ['28', '50', '61'], 'IsUserRecommentaion': True, 'RecommenderID': '21'}, {'MusicName': 'View oil.', 'Visible': False, 'Votes': 11, 'VotersIDs': ['61', '43', '12'], 'IsUserRecommentaion': True, 'RecommenderID': ''}], 'EnableUserRecommendation': True}"
81,18,QR81,"{'MusicPlaylist': [{'MusicName': 'Media it.', 'Visible': False, 'Votes': 24, 'VotersIDs': ['28', '47', '54', '95'], 'IsUserRecommentaion': True, 'RecommenderID': '52'}, {'MusicName': 'Break tell.', 'Visible': False, 'Votes': 15, 'VotersIDs': ['58', '21', '13'], 'IsUserRecommentaion': False, 'RecommenderID': ''}, {'MusicName': 'Enter according.', 'Visible': False, 'Votes': 47, 'VotersIDs': [], 'IsUserRecommentaion': False, 'RecommenderID': ''}], 'EnableUserRecommendation': False}"
82,73,QR82,"{'MusicPlaylist': [{'MusicName': 'Back.', 'Visible': False, 'Votes': 34, 'VotersIDs': ['67', '33'], 'IsUserRecommentaion': False, 'RecommenderID': '74'}, {'MusicName': 'Protect this.', 'Visible': True, 'Votes': 35, 'VotersIDs': ['24', '45', '73', '53', '24'], 'IsUserRecommentaion': True, 'RecommenderID': '97'}, {'MusicName': 'Admit college.', 'Visible': False, 'Votes': 0, 'VotersIDs': ['52', '95', '15', '35', '10'], 'IsUserRecommentaion': False, 'RecommenderID': '66'}], 'EnableUserRecommendation': True}"
83,2,QR83,"{'MusicPlaylist': [{'MusicName': 'Return laugh.', 'Visible': False, 'Votes': 11, 'VotersIDs': [], 'IsUserRecommentaion': True, 'RecommenderID': '95'}, {'MusicName': 'May apply.', 'Visible': False, 'Votes': 16, 'VotersIDs': ['10', '15', '2'], 'IsUserRecommentaion': False, 'RecommenderID': '39'}, {'MusicName': 'When brother.', 'Visible': True, 'Votes': 9, 'VotersIDs': ['43', '68', '27', '32', '55'], 'IsUserRecommentaion': True, 'RecommenderID': ''}, {'MusicName': 'He end.', 'Visible': True, 'Votes': 23, 'VotersIDs': ['10', '26'], 'IsUserRecommentaion': True, 'RecommenderID': ''}, {'MusicName': 'Apply certainly.', 'Visible': False, 'Votes': 18, 'VotersIDs': ['83', '19', '20', '47', '90'], 'IsUserRecommentaion': False, 'RecommenderID': '49'}], 'EnableUserRecommendation': True}"
84,89,QR84,"{'MusicPlaylist': [{'MusicName': 'Order.', 'Visible': False, 'Votes': 20, 'VotersIDs': ['75', '75', '26', '81'], 'IsUserRecommentaion': False, 'RecommenderID': '1'}, {'MusicName': 'Deal reduce.', 'Visible': False, 'Votes': 31, 'VotersIDs': ['32', '33', '22'], 'IsUserRecommentaion': True, 'RecommenderID': ''}, {'MusicName': 'West war.', 'Visible': True, 'Votes': 2, 'VotersIDs': ['27', '51', '92', '60', '1'], 'IsUserRecommentaion': False, 'RecommenderID': '79'}, {'MusicName': 'Necessary tonight.', 'Visible': True, 'Votes': 20, 'VotersIDs': ['44', '50', '73', '2', '1'], 'IsUserRecommentaion': False, 'RecommenderID': ''}], 'EnableUserRecommendation': False}"
85,47,QR85,"{'MusicPlaylist': [{'MusicName': 'World still.', 'Visible': True, 'Votes': 2, 'VotersIDs': [], 'IsUserRecommentaion': False, 'RecommenderID': '5'}, {'MusicName': 'Good.', 'Visible': False, 'Votes': 45, 'VotersIDs': [], 'IsUserRecommentaion': True, 'RecommenderID': '53'}, {'MusicName': 'Get run.', 'Visible': False, 'Votes': 23, 'VotersIDs': ['58', '98', '95'], 'IsUserRecommentaion': True, 'RecommenderID': '34'}, {'MusicName': 'Call enough.', 'Visible': True, 'Votes': 40, 'VotersIDs': ['59', '31', '94', '12'], 'IsUserRecommentaion': False, 'RecommenderID': ''}, {'MusicName': 'Senior start.', 'Visible': True, 'Votes': 40, 'VotersIDs': ['38', '74'], 'IsUserRecommentaion': True, 'RecommenderID': '31'}], 'EnableUserRecommendation': True}"
86,75,QR86,"{'MusicPlaylist': [{'MusicName': 'Second tree.', 'Visible': False, 'Votes': 20, 'VotersIDs': ['60', '62', '18', '32'], 'IsUserRecommentaion': True, 'RecommenderID': '14'}, {'MusicName': 'Throughout.', 'Visible': True, 'Votes': 34, 'VotersIDs': ['86', '38', '45', '60'], 'IsUserRecommentaion': True, 'RecommenderID': ''}, {'MusicName': 'Health manage.', 'Visible': False, 'Votes': 24, 'VotersIDs': [], 'IsUserRecommentaion': False, 'RecommenderID': '50'}, {'MusicName': 'Send.', 'Visible': True, 'Votes': 17, 'VotersIDs': ['13'], 'IsUserRecommentaion': False, 'RecommenderID': ''}, {'MusicName': 'Point.', 'Visible': False, 'Votes': 29, 'VotersIDs': ['100', '20', '26', '15', '41'], 'IsUserRecommentaion': False, 'RecommenderID': '63'}, {'MusicName': 'Resource race.', 'Visible': True, 'Votes': 28, 'VotersIDs': ['6', '96', '66'], 'IsUserRecommentaion': False, 'RecommenderID': '19'}, {'MusicName': 'Buy.', 'Visible': True, 'Votes': 20, 'VotersIDs': [], 'IsUserRecommentaion': False, 'RecommenderID': ''}], 'EnableUserRecommendation': True}"
87,32,QR87,"{'MusicPlaylist': [{'MusicName': 'Staff reason.', 'Visible': True, 'Votes': 43, 'VotersIDs': ['30'], 'IsUserRecommentaion': False, 'RecommenderID': ''}, {'MusicName': 'While on.', 'Visible': True, 'Votes': 33, 'VotersIDs': ['28', '15', '86', '92'], 'IsUserRecommentaion': True, 'RecommenderID': ''}, {'MusicName': 'Create.', 'Visible': True, 'Votes': 30, 'VotersIDs': ['9', '73', '29'], 'IsUserRecommentaion': True, 'RecommenderID': ''}, {'MusicName': 'Condition.', 'Visible': True, 'Votes': 39, 'VotersIDs': ['16', '82', '36'], 'IsUserRecommentaion': True, 'RecommenderID': '12'}, {'MusicName': 'Sense situation.', 'Visible': False, 'Votes': 31, 'VotersIDs': ['81', '10'], 'IsUserRecommentaion': True, 'RecommenderID': '32'}, {'MusicName': 'His.', 'Visible': False, 'Votes': 6, 'VotersIDs': ['58', '64'], 'IsUserRecommentaion': True, 'RecommenderID': '91'}], 'EnableUserRecommendation': True}"
88,79,QR88,"{'MusicPlaylist': [{'MusicName': 'Speech above.', 'Visible': True, 'Votes': 49, 'VotersIDs': ['46'], 'IsUserRecommentaion': True, 'RecommenderID': '17'}, {'MusicName': 'Sport star.', 'Visible': True, 'Votes': 31, 'VotersIDs': ['47'], 'IsUserRecommentaion': True, 'RecommenderID': ''}, {'MusicName': 'Course down.', 'Visible': True, 'Votes': 25, 'VotersIDs': ['12', '70'], 'IsUserRecommentaion': True, 'RecommenderID': '38'}, {'MusicName': 'Wear.', 'Visible': False, 'Votes': 45, 'VotersIDs': ['86'], 'IsUserRecommentaion': True, 'RecommenderID': '31'}, {'MusicName': 'Budget argue.', 'Visible': False, 'Votes': 15, 'VotersIDs': ['13', '47', '66'], 'IsUserRecommentaion': True, 'RecommenderID': '13'}, {'MusicName': 'Real physical.', 'Visible': True, 'Votes': 4, 'VotersIDs': ['35', '71'], 'IsUserRecommentaion': False, 'RecommenderID': ''}], 'EnableUserRecommendation': True}"
89,51,QR89,"{'MusicPlaylist': [{'MusicName': 'Decision actually.', 'Visible': True, 'Votes': 40, 'VotersIDs': ['41'], 'IsUserRecommentaion': True, 'RecommenderID': '39'}, {'MusicName': 'System eat.', 'Visible': True, 'Votes': 39, 'VotersIDs': ['21', '49', '17'], 'IsUserRecommentaion': False, 'RecommenderID': ''}, {'MusicName': 'Civil.', 'Visible': True, 'Votes': 38, 'VotersIDs': ['46', '92'], 'IsUserRecommentaion': False, 'RecommenderID': ''}, {'MusicName': 'Strategy focus.', 'Visible': False, 'Votes': 32, 'VotersIDs': ['44'], 'IsUserRecommentaion': True, 'RecommenderID': ''}], 'EnableUserRecommendation': False}"
90,58,QR90,"{'MusicPlaylist': [{'MusicName': 'Will.', 'Visible': False, 'Votes': 9, 'VotersIDs': ['70', '35', '25', '57', '44'], 'IsUserRecommentaion': True, 'RecommenderID': ''}, {'MusicName': 'Program.', 'Visible': False, 'Votes': 46, 'VotersIDs': ['52'], 'IsUserRecommentaion': True, 'RecommenderID': '49'}, {'MusicName': 'Sport.', 'Visible': False, 'Votes': 49, 'VotersIDs': ['52', '1', '46', '95'], 'IsUserRecommentaion': True, 'RecommenderID': '38'}, {'MusicName': 'Job.', 'Visible': True, 'Votes': 28, 'VotersIDs': ['75'], 'IsUserRecommentaion': True, 'RecommenderID': ''}], 'EnableUserRecommendation': False}"
91,17,QR91,"{'MusicPlaylist': [{'MusicName': 'Natural.', 'Visible': False, 'Votes': 0, 'VotersIDs': [], 'IsUserRecommentaion': True, 'RecommenderID': ''}, {'MusicName': 'To.', 'Visible': False, 'Votes': 37, 'VotersIDs': ['47', '95', '93', '84'], 'IsUserRecommentaion': True, 'RecommenderID': '30'}, {'MusicName': 'Condition stock.', 'Visible': True, 'Votes': 29, 'VotersIDs': [], 'IsUserRecommentaion': False, 'RecommenderID': '44'}, {'MusicName': 'Build.', 'Visible': False, 'Votes': 46, 'VotersIDs': ['79', '44', '17', '81'], 'IsUserRecommentaion': True, 'RecommenderID': '40'}, {'MusicName': 'Year whole.', 'Visible': True, 'Votes': 28, 'VotersIDs': ['44', '30', '74', '13', '76'], 'IsUserRecommentaion': False, 'RecommenderID': ''}, {'MusicName': 'Everyone.', 'Visible': False, 'Votes': 25, 'VotersIDs': ['79', '59', '43'], 'IsUserRecommentaion': True, 'RecommenderID': '83'}, {'MusicName': 'Action.', 'Visible': False, 'Votes': 47, 'VotersIDs': ['26', '32', '87', '99', '77'], 'IsUserRecommentaion': True, 'RecommenderID': ''}], 'EnableUserRecommendation': True}"
92,79,QR92,"{'MusicPlaylist': [{'MusicName': 'Mouth.', 'Visible': False, 'Votes': 12, 'VotersIDs': ['97', '60'], 'IsUserRecommentaion': True, 'RecommenderID': ''}, {'MusicName': 'Through.', 'Visible': True, 'Votes': 12, 'VotersIDs': ['32', '73', '16', '38', '55'], 'IsUserRecommentaion': False, 'RecommenderID': ''}, {'MusicName': 'Player federal.', 'Visible': True, 'Votes': 28, 'VotersIDs': ['62', '95', '46'], 'IsUserRecommentaion': True, 'RecommenderID': '45'}, {'MusicName': 'Concern.', 'Visible': False, 'Votes': 9, 'VotersIDs': ['16', '61', '79'], 'IsUserRecommentaion': False, 'RecommenderID': '81'}, {'MusicName': 'Own.', 'Visible': False, 'Votes': 32, 'VotersIDs': ['47', '57', '25', '43', '41'], 'IsUserRecommentaion': False, 'RecommenderID': '74'}, {'MusicName': 'True decade.', 'Visible': False, 'Votes': 14, 'VotersIDs': ['100', '91', '39', '52'], 'IsUserRecommentaion': False, 'RecommenderID': '2'}], 'EnableUserRecommendation': False}"
93,44,QR93,"{'MusicPlaylist': [{'MusicName': 'Loss red.', 'Visible': False, 'Votes': 45, 'VotersIDs': ['33', '6', '70'], 'IsUserRecommentaion': False, 'RecommenderID': ''}, {'MusicName': 'Tend tax.', 'Visible': False, 'Votes': 32, 'VotersIDs': ['99', '68', '7'], 'IsUserRecommentaion': True, 'RecommenderID': '64'}, {'MusicName': 'Pm our.', 'Visible': True, 'Votes': 46, 'VotersIDs': ['41', '22', '33', '95', '2'], 'IsUserRecommentaion': False, 'RecommenderID': ''}, {'MusicName': 'Speech compare.', 'Visible': False, 'Votes': 40, 'VotersIDs': ['40', '6', '2', '23'], 'IsUserRecommentaion': False, 'RecommenderID': '4'}, {'MusicName': 'Step just.', 'Visible': False, 'Votes': 48, 'VotersIDs': ['50', '53', '48', '43', '17'], 'IsUserRecommentaion': True, 'RecommenderID': ''}, {'MusicName': 'Level law.', 'Visible': False, 'Votes': 50, 'VotersIDs': ['91'], 'IsUserRecommentaion': False, 'RecommenderID': ''}], 'EnableUserRecommendation': False}"
94,42,QR94,"{'MusicPlaylist': [{'MusicName': 'Check.', 'Visible': False, 'Votes': 17, 'VotersIDs': ['89', '97', '9', '34', '20'], 'IsUserRecommentaion': False, 'RecommenderID': '90'}, {'MusicName': 'Remember current.', 'Visible': False, 'Votes': 45, 'VotersIDs': [], 'IsUserRecommentaion': False, 'RecommenderID': '27'}, {'MusicName': 'Fast.', 'Visible': False, 'Votes': 5, 'VotersIDs': ['21', '58'], 'IsUserRecommentaion': False, 'RecommenderID': '33'}, {'MusicName': 'This.', 'Visible': True, 'Votes': 26, 'VotersIDs': ['42', '87', '88'], 'IsUserRecommentaion': True, 'RecommenderID': '34'}, {'MusicName': 'Well.', 'Visible': False, 'Votes': 11, 'VotersIDs': ['85', '96', '52', '45'], 'IsUserRecommentaion': False, 'RecommenderID': '97'}], 'EnableUserRecommendation': False}"
95,57,QR95,"{'MusicPlaylist': [{'MusicName': 'Research.', 'Visible': True, 'Votes': 47, 'VotersIDs': ['58'], 'IsUserRecommentaion': True, 'RecommenderID': '35'}, {'MusicName': 'Standard newspaper.', 'Visible': False, 'Votes': 23, 'VotersIDs': ['78'], 'IsUserRecommentaion': True, 'RecommenderID': ''}, {'MusicName': 'People.', 'Visible': True, 'Votes': 32, 'VotersIDs': ['20', '69', '11', '22', '15'], 'IsUserRecommentaion': True, 'RecommenderID': ''}, {'MusicName': 'Keep you.', 'Visible': False, 'Votes': 41, 'VotersIDs': ['4', '98', '87', '38'], 'IsUserRecommentaion': False, 'RecommenderID': ''}, {'MusicName': 'Any military.', 'Visible': False, 'Votes': 19, 'VotersIDs': ['31', '88', '2'], 'IsUserRecommentaion': False, 'RecommenderID': ''}, {'MusicName': 'Unit.', 'Visible': False, 'Votes': 46, 'VotersIDs': [], 'IsUserRecommentaion': False, 'RecommenderID': ''}, {'MusicName': 'Development sometimes.', 'Visible': True, 'Votes': 19, 'VotersIDs': ['78', '47', '30', '44', '75'], 'IsUserRecommentaion': False, 'RecommenderID': '98'}], 'EnableUserRecommendation': False}"
96,44,QR96,"{'MusicPlaylist': [{'MusicName': 'Child amount.', 'Visible': True, 'Votes': 39, 'VotersIDs': ['31'], 'IsUserRecommentaion': True, 'RecommenderID': '73'}, {'MusicName': 'Ten.', 'Visible': True, 'Votes': 41, 'VotersIDs': ['52', '12', '38'], 'IsUserRecommentaion': False, 'RecommenderID': '30'}, {'MusicName': 'Black.', 'Visible': True, 'Votes': 28, 'VotersIDs': ['86', '92', '73'], 'IsUserRecommentaion': True, 'RecommenderID': '4'}, {'MusicName': 'Including.', 'Visible': False, 'Votes': 49, 'VotersIDs': ['61', '9'], 'IsUserRecommentaion': True, 'RecommenderID': ''}, {'MusicName': 'Area.', 'Visible': True, 'Votes': 45, 'VotersIDs': ['8', '43', '8', '69', '53'], 'IsUserRecommentaion': True, 'RecommenderID': '39'}, {'MusicName': 'There strategy.', 'Visible': True, 'Votes': 32, 'VotersIDs': ['63', '41', '23', '27'], 'IsUserRecommentaion': False, 'RecommenderID': '68'}, {'MusicName': 'East.', 'Visible': False, 'Votes': 37, 'VotersIDs': ['79', '43', '55', '8', '44'], 'IsUserRecommentaion': True, 'RecommenderID': '50'}], 'EnableUserRecommendation': True}"
97,19,QR97,"{'MusicPlaylist': [{'MusicName': 'Including.', 'Visible': False, 'Votes': 0, 'VotersIDs': ['55', '18', '5', '67'], 'IsUserRecommentaion': False, 'RecommenderID': ''}, {'MusicName': 'Sing.', 'Visible': False, 'Votes': 9, 'VotersIDs': ['53', '76', '6'], 'IsUserRecommentaion': True, 'RecommenderID': '68'}, {'MusicName': 'Body.', 'Visible': True, 'Votes': 20, 'VotersIDs': ['23', '18'], 'IsUserRecommentaion': False, 'RecommenderID': ''}, {'MusicName': 'How civil.', 'Visible': False, 'Votes': 33, 'VotersIDs': ['61', '99', '33', '8'], 'IsUserRecommentaion': False, 'RecommenderID': '27'}], 'EnableUserRecommendation': False}"
98,20,QR98,"{'MusicPlaylist': [{'MusicName': 'Name.', 'Visible': False, 'Votes': 40, 'VotersIDs': ['2'], 'IsUserRecommentaion': False, 'RecommenderID': ''}, {'MusicName': 'Occur one.', 'Visible': True, 'Votes': 42, 'VotersIDs': ['88', '56', '27', '88'], 'IsUserRecommentaion': True, 'RecommenderID': ''}, {'MusicName': 'Article.', 'Visible': False, 'Votes': 4, 'VotersIDs': ['99', '27', '34'], 'IsUserRecommentaion': False, 'RecommenderID': ''}, {'MusicName': 'Hot west.', 'Visible': True, 'Votes': 14, 'VotersIDs': ['79', '70', '45'], 'IsUserRecommentaion': False, 'RecommenderID': '44'}, {'MusicName': 'Unit member.', 'Visible': False, 'Votes': 43, 'VotersIDs': ['87'], 'IsUserRecommentaion': False, 'RecommenderID': ''}, {'MusicName': 'White.', 'Visible': True, 'Votes': 28, 'VotersIDs': ['98', '2', '48'], 'IsUserRecommentaion': False, 'RecommenderID': ''}, {'MusicName': 'Send often.', 'Visible': True, 'Votes': 2, 'VotersIDs': ['53', '97', '11'], 'IsUserRecommentaion': True, 'RecommenderID': ''}], 'EnableUserRecommendation': False}"
99,4,QR99,"{'MusicPlaylist': [{'MusicName': 'Deal yourself.', 'Visible': False, 'Votes': 25, 'VotersIDs': ['50'], 'IsUserRecommentaion': True, 'RecommenderID': '38'}, {'MusicName': 'Task perhaps.', 'Visible': False, 'Votes': 2, 'VotersIDs': ['80', '62', '94'], 'IsUserRecommentaion': False, 'RecommenderID': ''}, {'MusicName': 'Election.', 'Visible': False, 'Votes': 34, 'VotersIDs': ['27', '86', '28', '53', '92'], 'IsUserRecommentaion': True, 'RecommenderID': '65'}, {'MusicName': 'Education check.', 'Visible': True, 'Votes': 12, 'VotersIDs': ['48', '55', '100'], 'IsUserRecommentaion': True, 'RecommenderID': ''}, {'MusicName': 'Bad specific.', 'Visible': True, 'Votes': 39, 'VotersIDs': ['86', '14', '47', '89'], 'IsUserRecommentaion': True, 'RecommenderID': '3'}], 'EnableUserRecommendation': True}"
100,35,QR100,"{'MusicPlaylist': [{'MusicName': 'Out but.', 'Visible': True, 'Votes': 24, 'VotersIDs': ['36', '60', '100', '11', '89'], 'IsUserRecommentaion': False, 'RecommenderID': ''}, {'MusicName': 'Take within.', 'Visible': False, 'Votes': 47, 'VotersIDs': ['25', '89'], 'IsUserRecommentaion': True, 'RecommenderID': '14'}, {'MusicName': 'No quality.', 'Visible': True, 'Votes': 3, 'VotersIDs': [], 'IsUserRecommentaion': True, 'RecommenderID': ''}, {'MusicName': 'Sense.', 'Visible': False, 'Votes': 21, 'VotersIDs': ['57'], 'IsUserRecommentaion': False, 'RecommenderID': '28'}, {'MusicName': 'Because.', 'Visible': False, 'Votes': 39, 'VotersIDs': ['25', '30', '7', '29'], 'IsUserRecommentaion': False, 'RecommenderID': ''}, {'MusicName': 'Necessary.', 'Visible': True, 'Votes': 11, 'VotersIDs': ['83', '3', '83'], 'IsUserRecommentaion': True, 'RecommenderID': '2'}, {'MusicName': 'Make wide.', 'Visible': False, 'Votes': 14, 'VotersIDs': ['37'], 'IsUserRecommentaion': True, 'RecommenderID': '81'}], 'EnableUserRecommendation': False}"
