ID,Name,Artist,Genre
1,Lay,Kimberly Wilson,Rock
2,Position,Adrian Drake,Hip-Hop
3,Product,Austin Brown,Blues
4,Page son,Carl Roman,Country
5,Catch,Haley Elliott,Blues
6,Consider fill,Michael Lopez,Classical
7,Particularly,Ronald Whitehead,Rock
8,Third great,Amanda Cameron,Classical
9,Talk,Jason Williams,Classical
10,Exactly,Henry Pineda,Jazz
11,Task,Samantha Mercado,Classical
12,Anyone,Isabel Duncan,Jazz
13,Yeah success,Tammy Pitts,Rock
14,Someone network,Christine Henderson,Electronic
15,Thing,Kelly Moore,Classical
16,Property keep,Dylan Blanchard,Rock
17,Yet wind,Jordan Miller,Reggae
18,Leave,Joseph Bradley,Country
19,Government,Gina Cortez,Pop
20,Professional,Kyle Jones,Rock
21,Management despite,Alicia Sandoval,Hip-Hop
22,Two answer,Courtney Morse,Jazz
23,Local heart,James Berger,Blues
24,Measure,Roy Johnson,Rock
25,Every,Jacob Beard,Country
26,Present,Jennifer Horn,Reggae
27,Few,Justin Huang,Country
28,Mouth,Timothy Golden,Hip-Hop
29,House,Raymond Morton,Electronic
30,Responsibility,Eric Montes,Electronic
31,Ability,Brian Stevens,Hip-Hop
32,Later traditional,Carol Mccarthy,Metal
33,At,Brad Lee,Jazz
34,Gas when,Vanessa Sandoval,Metal
35,Gun,Noah Little,Pop
36,Message,Ricky Wood,Country
37,Chair,Casey Wells,Jazz
38,Mr none,Benjamin Garcia,Classical
39,Employee amount,Allison Perry,Metal
40,Discussion child,Dale Deleon,Rock
41,Dog positive,Tommy Bowers,Jazz
42,North professional,Mr. Jonathan Cooper,Blues
43,Industry town,Andrew Henry,Rock
44,Crime,Mark Fowler,Pop
45,Everything interesting,Robert Jordan,Jazz
46,Step,Deborah Parks MD,Blues
47,Specific every,Jonathon Coffey,Electronic
48,Be shake,Kevin Anderson,Blues
49,Near arrive,Kathryn Mcbride,Electronic
50,We,James Booth,Rock
51,Change,Gina Rodriguez,Jazz
52,Country especially,Aaron Carr,Country
53,Gun national,Thomas Richardson,Metal
54,Simple,Melissa Williams,Blues
55,Side nothing,Billy Harmon,Metal
56,Physical,Kristy White,Classical
57,Nearly role,Ashley Jones,Country
58,Develop,Patrick Saunders,Electronic
59,Work finish,Kimberly Whitney,Classical
60,Test,Scott Hunter,Reggae
61,Democratic true,Justin Patterson,Hip-Hop
62,Girl huge,Jason Johnson,Country
63,Child,Julia Johnson,Hip-Hop
64,Adult entire,John Miller,Blues
65,Scientist meet,Timothy Smith,Reggae
66,Else,Katrina Hoover,Country
67,Hospital,Robert Holmes,Hip-Hop
68,Development,Bradley Johnson,Jazz
69,Consider detail,Morgan Horton,Reggae
70,She,Michelle Greene,Blues
71,Middle,Carrie Myers,Jazz
72,Behavior space,Suzanne Mendoza,Blues
73,Mention,Sierra Williams,Pop
74,Series little,Matthew Patrick,Classical
75,Wall,Jay Jackson,Classical
76,Certainly,Mary Martinez,Electronic
77,Common get,Katie Wang,Country
78,Level consider,Nathan Jackson,Blues
79,Check,Rodney Gomez,Reggae
80,Street shoulder,Stacey Perez,Classical
81,Change poor,Richard Hayes,Metal
82,Even do,Megan Lewis,Country
83,Western,Louis Reed,Country
84,Successful some,Jennifer Watson,Blues
85,Republican type,Mary Brown,Pop
86,Or,Kathy Conner,Blues
87,Own way,Andrew Molina,Rock
88,Sport,Brandon Freeman DVM,Metal
89,Plant,Megan Green,Metal
90,Mr,Gary Rios,Hip-Hop
91,Task too,Jessica Brennan,Jazz
92,Assume head,Thomas Fisher,Reggae
93,Treatment,Larry Wise,Metal
94,Paper,Paul Williamson,Rock
95,Side significant,Judy Fields,Jazz
96,Billion my,Francisco Schneider,Country
97,Within,Ian Smith,Blues
98,Effort,Mercedes Hill,Country
99,Sit,Samuel Bishop,Metal
100,Law little,Lisa Harris,Rock
