ID,Name,FamilyName,ImageUrl,Username,Email,Password,CreatedAt,UpdatedAt,DeletedAt
f77e17f4-5656-4af7-97d5-1ec453565a9d,Rachel,Ellis,https://www.lorempixel.com/480/506,sara19,michael08@melendez-rodriguez.biz,^G2zbeEsTA,2022-10-25 20:23:04,2021-02-28 01:30:11,
226154a2-3455-46ca-b05a-06c7aa04ae6a,Douglas,Horne,https://dummyimage.com/229x230,robert83,ywillis@jackson-acevedo.com,#t5e!B)hpw,2020-11-10 06:23:20,2022-07-26 20:55:35,
0c7abe47-bcb6-49bf-ac6e-06f32a9fe489,Ashley,Dean,https://dummyimage.com/304x193,erin71,andersonjack@garrett.net,!@V69ZzCv5,2023-11-22 01:51:59,2021-02-16 18:07:01,
faf29034-ef30-428b-b632-e7017cc83183,Amy,Hartman,https://placekitten.com/862/200,tanyaschultz,leeernest@davis-webster.info,^J$kHjWiU1,2023-02-05 12:30:44,2022-07-16 03:35:45,
604677ef-a626-4ca6-be3d-bd2b04573ee5,Emily,Osborne,https://dummyimage.com/937x972,alison26,tmason@fuentes.net,*1AVYukhl5,2023-08-27 05:02:20,2023-10-28 23:57:15,
075f7e06-2a7a-4fde-83ed-317a7497863f,Stephen,Clayton,https://placekitten.com/32/777,fwalker,gmoreno@hotmail.com,W^0TSvsD*d,2021-06-11 00:19:42,2023-03-24 12:23:35,
781443df-59f9-45ea-8c57-a24734570cb9,James,Lyons,https://dummyimage.com/549x981,villanuevajames,johngay@morris.com,V6LWfPWx$Q,2023-09-17 05:00:14,2023-02-04 07:03:27,
f85ac4e5-a451-4184-abe5-13ec3fd6d04e,Tracy,Calhoun,https://dummyimage.com/842x319,ryan21,dbishop@fuller.info,%v@3WhMvS0,2020-08-31 08:03:59,2023-04-03 03:07:36,
29882b1a-f70a-411a-a02f-04705736c311,Nicholas,Mullins,https://www.lorempixel.com/216/196,alexandriahenry,andrewsnow@butler-wells.org,YI@I6JWt4O,2022-03-15 15:47:20,2020-02-03 05:50:04,
aeb7abd8-d2f9-454b-9605-d2500ba38525,Patrick,Rush,https://placeimg.com/186/447/any,kevinlivingston,nclark@gmail.com,z4#9&DHmid,2021-08-05 02:17:32,2022-06-17 11:05:09,
94ff531b-2f8d-4b1d-b035-141e871c481d,Andrew,Schaefer,https://dummyimage.com/933x715,michael11,timothy57@harris.org,(_u8Uy+%6e,2021-01-12 03:47:37,2023-06-29 16:32:49,
b7529afc-2948-41f4-b109-3ac11cd46513,Joseph,Russell,https://dummyimage.com/228x80,phall,doylewanda@cross-fowler.com,E9Q9UmFaI!,2021-08-22 15:23:55,2020-05-15 14:50:36,
3e27cd02-a711-4d53-86a2-a16de48b4acb,Gail,Simpson,https://www.lorempixel.com/378/222,andrew01,hmitchell@diaz.com,#f*ZDGhc3b,2022-05-20 07:17:18,2023-04-01 01:44:02,
2a1747ac-be84-4bc7-b835-2286836100a0,Adam,King,https://placeimg.com/833/203/any,jclark,pittmanryan@yahoo.com,A&6yM!dt7c,2022-01-31 00:36:03,2021-12-17 02:39:20,
a207ad67-699c-4fdb-861b-9b6d95c3d48d,Marcia,Silva,https://placeimg.com/473/748/any,grivera,hmoreno@cole.com,)wLOGcwCY6,2023-06-18 12:11:40,2023-06-30 11:50:24,
80a8c9cd-4ce8-4290-b08c-2dad0912d5e4,Rhonda,Williamson,https://www.lorempixel.com/820/10,rachel92,urice@hotmail.com,%2GWcAq4%2,2022-06-01 18:53:31,2024-01-14 14:39:54,
808191f9-3767-4fa9-83c4-87bd84e7a08d,Jeffrey,Carter,https://placekitten.com/160/809,rharris,mccalldana@hotmail.com,^POOqK)mq7,2021-11-06 14:41:01,2021-10-31 10:39:42,
105abf7d-c6b0-4313-b69b-12c04df2f8ba,Danny,Byrd,https://placekitten.com/157/54,xortega,whowell@roach.org,)6Mt$eRds7,2021-10-17 21:12:46,2022-05-27 11:13:25,
f95b0f8e-17a8-4cab-93fc-c123116c219a,David,Williams,https://placeimg.com/942/858/any,rcampbell,edwardrice@schneider-davis.com,+&yVpfKq3R,2022-05-05 00:20:50,2023-11-10 16:08:33,
3d98dfe9-5adf-4604-96a5-3d02b9c6e423,Tyler,Friedman,https://www.lorempixel.com/781/441,llivingston,mary11@miller.com,o@QxT7%D*9,2021-06-22 20:09:50,2023-04-24 16:25:35,
170d5567-e918-4948-9489-a04c1bdfa025,Christian,Joyce,https://placeimg.com/201/118/any,melindamorris,weaverlogan@lopez-collins.com,+oZZuXDp6#,2023-04-17 09:57:26,2020-09-12 01:43:45,
5e00c360-76f5-4cac-be77-9a498f5b0908,Alexander,Young,https://dummyimage.com/266x496,herreradaniel,millsmarcus@hotmail.com,aC@PdBs1*0,2021-02-17 00:41:02,2022-07-12 15:09:52,
91d1a2ab-ea5b-4542-9a14-162401354dcd,Lori,Washington,https://dummyimage.com/667x643,carlsonstephen,johngonzalez@copeland.com,5^9s^C)j$8,2020-10-19 12:33:21,2022-07-07 02:20:05,
713f0b04-c763-48f3-a8f9-c7042f4afdb4,Joseph,Nelson,https://placeimg.com/664/731/any,longmichael,chaseflores@gmail.com,#sM9UzQ52a,2021-07-28 14:33:04,2023-01-22 01:01:19,
d820c234-b7ab-452c-9fbf-1031b99c170b,Tabitha,Rosales,https://www.lorempixel.com/344/227,jenkinsscott,theresa39@knight.com,)A7(3TYca6,2023-10-12 09:17:43,2021-04-12 09:29:50,
47cfba61-32a3-477e-863a-415c866296ba,James,Parks,https://dummyimage.com/544x86,kelly64,suzannegill@perkins.com,T+5Ta@)FS(,2022-04-26 14:33:00,2020-09-24 21:56:59,
490cb836-2ccb-475c-8515-2068e5731600,Brandon,Patrick,https://placekitten.com/24/691,tmiddleton,evan90@schneider.com,SfQSNUdi+9,2020-05-16 19:18:08,2020-05-07 08:54:11,
4fe15037-062e-4fb7-9b90-e6fb78cc18c7,Alisha,Walls,https://placeimg.com/683/237/any,lucas54,billy70@hotmail.com,+bE7^CEw9j,2021-11-29 15:51:39,2020-09-15 12:35:09,
5b12bf94-6642-46f8-863b-5735fb2af02c,Lindsey,Schaefer,https://dummyimage.com/988x950,trevor72,lbarton@thompson.com,RL5NOdUN1^,2021-08-03 23:31:11,2020-03-24 12:38:58,
a3c86790-3254-4f07-9da1-b50281013754,Chris,Sullivan,https://www.lorempixel.com/897/570,ryan12,john87@gmail.com,j)32TP7h++,2023-11-24 08:30:27,2023-06-21 15:57:09,
aefa37eb-8264-4809-82fe-9666840a2776,Ronald,Thomas,https://dummyimage.com/411x354,marquezkayla,beardchristopher@yahoo.com,@cfXDq3c9I,2021-04-06 03:23:51,2020-11-04 02:59:25,
c106eb7b-cc5a-44df-88b0-ce6925361371,Brandon,Krueger,https://www.lorempixel.com/440/716,simsgregory,victoria16@becker-garcia.biz,jEdJw5o0$6,2021-02-02 17:25:45,2021-01-30 00:48:09,
e9d80a52-8ed9-48ce-a0f8-149a779c3ad9,Carly,Fox,https://placeimg.com/757/740/any,crystal51,edwardcoleman@gmail.com,(F80cLpazX,2024-02-17 05:15:16,2021-11-15 10:40:33,
75475962-3bfe-45fb-a02f-711b619a099b,Elizabeth,Taylor,https://placeimg.com/108/588/any,aaronrobinson,ashleyramos@lawson.org,^$NHee9x3L,2022-12-06 20:02:40,2021-06-18 13:24:23,
cf99b961-5d95-4d5b-b2f8-5baa60c1a17d,John,Webster,https://placekitten.com/364/580,pollardlaura,mendezheather@yahoo.com,p9OCLED5@d,2020-04-09 10:45:47,2020-08-25 09:16:16,
b9dc3e06-e2a2-4ae6-91c1-6ddc9a8d829f,Susan,Farmer,https://www.lorempixel.com/876/401,nicole44,ashlee80@armstrong-blake.com,_&O+wL6k*5,2020-01-15 20:20:47,2023-10-15 06:43:38,
71a2ca79-ee0d-48ba-b0db-7958151119cc,Laura,Williams,https://placekitten.com/956/196,emily48,esparzakyle@walter-hartman.org,@1Z*icjFA2,2020-02-09 08:12:57,2020-06-26 09:28:43,
69edefef-532f-46cb-8ac0-1b95bfb7fb56,Rodney,Weber,https://placekitten.com/552/233,alexa87,msanchez@patterson-herring.info,@!d(1W3w4+,2022-09-15 03:02:12,2021-09-09 05:53:14,
454baa8e-5dcf-443a-b0eb-312f00f4357e,Michael,Thompson,https://dummyimage.com/224x78,brian19,larsenkelly@jones-mathis.com,V+6dolOx$Y,2020-05-26 16:45:51,2023-10-03 20:05:58,
0143819a-4e31-4f9b-89f5-dd493ce11f3b,Shirley,Mejia,https://www.lorempixel.com/893/936,rjackson,daniel52@hotmail.com,*9qJTort*Z,2023-06-04 05:17:32,2020-04-10 18:19:22,
8e27bd03-b57e-4778-82c5-ab770b666a06,John,Garza,https://placekitten.com/585/415,ogilbert,hallbradley@chavez.com,_AtrB!F)w6,2023-05-26 04:51:18,2022-01-18 23:22:02,
bc72986a-18f6-48e9-82cf-f351259b735e,Spencer,Dunlap,https://www.lorempixel.com/466/229,carterbailey,haroldlandry@kelly.com,%_k0WFrpB$,2021-05-16 07:11:31,2021-04-19 10:30:05,
8a42f3a7-a829-4c1f-a06d-b82382f61870,Diane,Vasquez,https://www.lorempixel.com/653/293,robert25,sarahmullins@gibson.com,)#3fvOLt%0,2020-11-03 12:13:43,2020-08-13 15:30:52,
e9ef91f3-1bfa-4e7f-b32a-0ed782e9a163,Robert,Cannon,https://placekitten.com/168/765,lisahowe,xcoleman@yahoo.com,@3S(7rZFtz,2022-09-22 12:46:25,2023-10-26 12:31:13,
db497b65-0d0d-4cdb-8925-7281b3a8485c,Kaitlin,Bush,https://placeimg.com/371/431/any,jenkinsmichael,randymccall@vega.net,43*d3D%+!k,2023-04-09 20:44:07,2024-02-05 10:17:56,
34196ccf-ef60-4b25-b906-2bc2e0c4ee26,Bradley,Cooper,https://placeimg.com/448/826/any,diazjulie,brandy30@gmail.com,deMrUm1P+8,2022-05-02 02:13:05,2022-11-19 20:50:01,
87ad7763-0e81-4fd1-8f81-5af6a0cbe3e3,Melinda,Hutchinson,https://www.lorempixel.com/457/144,tlopez,michaelharris@cox.com,76jLCww*@j,2022-01-07 04:10:01,2021-01-12 17:21:03,
77a4ca9f-be77-4c5b-a50e-d361f7b6f0c8,Madison,Martinez,https://dummyimage.com/494x292,michael12,jasonandrade@hotmail.com,7VPk_+xj!8,2022-03-05 09:02:57,2023-04-09 01:39:57,
ce6b15a3-70da-43f2-9caf-48312a2d02a9,Yesenia,Frazier,https://placekitten.com/669/43,shawna04,erin05@meyer.com,Vw177pWb1(,2020-11-15 10:51:09,2021-11-10 08:02:28,
077e0a45-9716-4a23-919d-ea259849c33d,Calvin,Ross,https://www.lorempixel.com/945/915,jacksonjennifer,markmitchell@yahoo.com,@29RHY_b+Z,2022-08-22 22:39:14,2024-01-16 01:19:57,
