ID,Name,Username,Email,CreatedAt,UpdatedAt,DeletedAt
7d6a826b-7cac-4868-9f66-733f2ea39413,James,awelch,navarrowilliam@yahoo.com,2020-04-30 09:29:46,2022-06-11 16:07:05,
4161e060-d9d9-42da-b80e-1b33db458c76,Steven,ijacobs,angelabentley@hotmail.com,2020-06-28 07:18:21,2020-12-07 01:03:09,
af82f719-ff10-474c-af83-efbe33c4a2d2,Sherry,taylor01,michellemason@patton.com,2020-06-03 14:45:09,2023-04-24 04:28:55,
ae2fb8f5-0541-4d73-a1d7-652bbbfd6161,Janet,williamsrodney,jamie82@coleman-lewis.com,2023-01-01 23:17:25,2022-04-30 21:42:15,
27b5e7e1-48cb-45ab-875d-6fe0e47f5947,Melissa,hensleyjohn,walkeralexandra@nichols.com,2022-10-03 10:38:35,2023-02-23 22:17:28,
50ed9f02-e6cc-43bd-a886-771d3d19ae60,Alexa,nielsenkatelyn,danieldaniels@butler.com,2023-04-21 08:24:27,2021-10-28 06:55:28,
9f427167-4102-4694-b9e9-a21f75faab91,Troy,fwarner,crystal01@scott.info,2022-02-15 14:23:03,2023-01-12 11:41:21,
81e87bcd-19a9-40a6-9d5b-90d4422d4a20,Beth,xcollins,george03@gmail.com,2021-08-30 18:37:48,2022-05-02 07:52:00,
d69f2b36-bfa7-4dcd-a67c-101c3ea8af15,Andrew,johnnyvaldez,kfritz@rodriguez-warner.com,2020-08-14 03:29:47,2023-01-07 11:46:46,
591739c5-87ae-4a36-a52e-395d3b98bcdf,Pamela,urobinson,johnparker@white.com,2021-02-17 19:01:15,2021-05-04 21:11:40,
78d63609-a14f-48e4-b8e3-cb2dd8871148,Dale,hmartinez,tony73@lewis.com,2021-09-26 22:48:48,2022-03-30 06:54:31,
cc5e2997-52ca-421c-a987-ab4eecb9f670,Crystal,saramoore,justin02@smith-davis.biz,2021-08-16 10:08:14,2021-01-31 00:40:36,
ffd4952b-518d-4f5a-9ce1-97ae92e03c39,Fernando,jasonmoore,rodriguezbrittney@yahoo.com,2023-06-18 20:18:23,2020-06-29 02:02:02,
aeac6241-19e7-46ba-92e5-534c5c0e1f18,Jennifer,xadams,frederickcraig@johnson-yates.com,2020-02-21 02:53:13,2023-08-01 11:22:57,
52e3d8b0-ad4f-4416-a43b-3c06e563a0e3,Stephen,leekevin,monicamyers@graham.com,2021-02-10 10:59:06,2020-10-20 22:25:01,
e1931014-4309-475f-a44a-b8c6240b4dfc,Tammy,hannahgriffin,shannon04@yahoo.com,2020-05-07 15:55:47,2022-02-15 22:53:51,
2f3466aa-98d0-4412-884b-9d17ceea6945,Glenn,jmcpherson,alitony@lamb.com,2021-07-25 10:13:19,2021-01-25 14:44:09,
09be6c8f-162a-4756-85d4-d76dd9b9f861,Timothy,frice,jason72@white.com,2020-08-18 10:44:49,2021-09-20 16:17:41,
8334d69c-629d-4b0f-9772-e8323cfb168e,Mary,moyerrobert,marcuscox@yahoo.com,2023-03-05 08:22:10,2024-02-01 00:15:40,
b90e47d7-31d7-42c4-9067-3bb858d65c4d,Gregory,davidgarcia,youngdavid@yahoo.com,2022-09-01 15:11:48,2023-04-16 13:44:58,
a50e8777-3092-4b66-8e11-b019498c4796,Kenneth,joshuachase,frivers@gmail.com,2020-01-30 14:53:07,2023-02-07 05:44:16,
6239dd0c-fddc-48de-a9e9-143c3c274d2f,Erika,uwatson,beckrichard@torres.com,2022-12-14 15:52:46,2023-01-05 22:18:14,
44b7aa65-f30d-4173-8d73-cdf67cc76a9e,Jessica,bstephens,xgill@clark-smith.com,2023-01-16 11:45:54,2023-10-19 13:55:59,
e6d49982-56fc-4b6e-9850-683895276977,Amanda,deannapeterson,teresapollard@hotmail.com,2020-04-02 11:08:57,2023-05-01 19:43:50,
1c4dba02-55f1-41b8-a1e7-878504874593,Vincent,murphyamy,johnwilliams@gmail.com,2021-04-06 05:00:15,2023-10-24 10:58:42,
4f818553-b723-46c9-9650-ec28644e28f1,Linda,johnortiz,burgessterrance@gmail.com,2022-04-16 13:36:49,2023-05-27 11:06:52,
89f87d18-71cb-4939-9a88-ce17bbced2d8,Kelsey,rhodesjustin,gcoleman@greene.com,2021-07-31 18:37:35,2020-05-29 07:25:27,
b4fdf319-922f-4ba9-8110-8e882bd6c2c7,Jeffrey,kellyshah,vgonzalez@miller.com,2021-01-18 22:29:05,2022-09-05 19:23:05,
2d8a050d-4b39-4472-a5a9-13ce0e10b33e,Karen,nicolepope,andreaschwartz@hotmail.com,2023-11-03 20:42:54,2022-11-18 19:26:49,
c682ce17-c131-41b8-a34a-ae7fbad67077,Jennifer,davidsimpson,josephhanson@bullock-reynolds.com,2023-11-12 13:24:29,2020-03-25 18:03:12,
