MusicPlaylist,EnableUserRecommendation
"[{'MusicName': 'Perhaps administration.', 'Visible': False, 'Votes': 2, 'VotersIDs': ['92428798-b392-4610-8d30-5be06a1b629b', '006d8301-1c38-4d11-af01-b9200b077de5', 'c5c6158e-23eb-4374-8a17-43afb2f09a65', '6891fe0e-e223-4bf2-811b-30d643bae2d5', 'd5537f7b-60a4-47d4-aac1-6669bd781f74'], 'IsUserRecommendation': True, 'RecommenderID': '5d5a5bcd-f21e-4dd9-b74c-daa7c43216c9'}, {'MusicName': 'Future meeting.', 'Visible': False, 'Votes': 9, 'VotersIDs': ['e2d4583c-b75a-412b-8024-781c22bb4947', 'a028ae02-aab9-4336-a585-362ceaa3ddc6', '0cff2d03-34c9-437b-a365-7a7b3877d97c'], 'IsUserRecommendation': False, 'RecommenderID': 'a414c569-e7ab-4cfc-85c8-6d3343eba3c7'}, {'MusicName': 'Crime identify among.', 'Visible': True, 'Votes': 4, 'VotersIDs': ['4948fa8f-3fa2-4af6-b884-9dc2e5d2c2be', '223c8926-4ace-4f28-9225-c112ec7f1880', '394af757-a4e3-4ccb-acb8-a02d04d831da', 'df9d6939-fff2-4a71-974e-2c8cd5bc4c9a'], 'IsUserRecommendation': True, 'RecommenderID': 'a27c6ed8-09aa-4515-8043-15e3dce06847'}, {'MusicName': 'Head sometimes.', 'Visible': True, 'Votes': 38, 'VotersIDs': ['6dfbb834-125f-4ade-9f78-fe7d8e661f6d', 'a7a18ef5-d235-4bbc-a7b7-2afc06404459', '635ef82b-857b-43ad-9f68-353f867a3cf3', 'd9919f36-4728-4fe9-9a10-657be29b543e', '427ab778-4143-4495-a703-b625cc171f9e', '934780dc-6691-4827-b75e-8426a061f93c', 'b9f63894-dd56-4514-a55a-89b09acd993c', '4c10bc67-ac45-4e89-8e23-d1be9e87dd49'], 'IsUserRecommendation': True, 'RecommenderID': '0c2dbbfe-5c1a-4a01-83cc-79492a44bf32'}, {'MusicName': 'Decide imagine charge.', 'Visible': False, 'Votes': 43, 'VotersIDs': [], 'IsUserRecommendation': False, 'RecommenderID': None}, {'MusicName': 'Begin easy.', 'Visible': True, 'Votes': 11, 'VotersIDs': [], 'IsUserRecommendation': True, 'RecommenderID': None}, {'MusicName': 'Financial fish indicate left.', 'Visible': True, 'Votes': 11, 'VotersIDs': ['cfe6ae75-e27e-465f-821c-b7bfb1ff5800', 'a8506c10-b6fb-4115-91a6-cfd95ed8061e', '6a172cff-3dca-49de-b0ff-e8bae89ec57f', '3ba65bf9-345a-49e1-aaa1-507a826ac019', 'c81f8a08-9c07-4ecc-9a25-88d3f32c9417', '34f5c140-0c19-45ea-8e1c-af50daddab80', 'c5be3816-4d74-4cea-87af-61065844214c', '9f11dd17-30d7-4d64-a427-a24faa037ba7', 'bb6bb1eb-36b0-4bed-96be-5812dd083afd', '9ce848a8-7a90-4359-80c8-e27a06dcf6be'], 'IsUserRecommendation': False, 'RecommenderID': '697db5a4-749a-48b9-8027-9f4c1a684bdb'}, {'MusicName': 'Organization.', 'Visible': True, 'Votes': 9, 'VotersIDs': ['55c9983b-bc5b-4ac1-a8bc-a18dfcbdd161', '93de3792-6c66-4dc1-bfb0-6ac7804da3b8', 'a0be5b97-0b0f-431d-ac1c-bc7e5c80ffd1', '8ff958d8-c1c6-4d82-944a-3fb88f2593a5', '3e5bf7f1-a547-49d3-98f7-8b170aca49b4', 'ec203566-d5f5-44cf-9fce-7ad5172d6f70', 'c2dff327-2cad-436a-a458-d6b891326ef1'], 'IsUserRecommendation': False, 'RecommenderID': '5ec9372e-6b37-4217-946f-55f40163dfb3'}, {'MusicName': 'Many religious husband.', 'Visible': False, 'Votes': 27, 'VotersIDs': ['0401f296-5559-4b19-bab0-6466ca22a6de', 'e351f4aa-93e5-487a-8d43-0e5a1ee41759', '1799d32c-d833-4877-b1a5-379281cbcf99', '71a658f0-81b8-4f8c-9619-75df356eb05b', '97110a04-308b-43c0-a8d9-5f7e01b6fc77', 'c16c38a5-e8a1-413a-bd2f-1092b165113d', '36e48aa8-6467-48b9-a6a1-4eba4cf32d86', '59bff0cf-7d8e-4304-9ef3-5e23ab6520a5'], 'IsUserRecommendation': True, 'RecommenderID': '3a87aa6f-5837-428b-a25e-a3bc2451928e'}, {'MusicName': 'Yet begin radio stand.', 'Visible': True, 'Votes': 36, 'VotersIDs': [], 'IsUserRecommendation': False, 'RecommenderID': None}, {'MusicName': 'Many at best.', 'Visible': True, 'Votes': 1, 'VotersIDs': [], 'IsUserRecommendation': True, 'RecommenderID': None}, {'MusicName': 'People ahead.', 'Visible': False, 'Votes': 29, 'VotersIDs': ['ae695028-b9a4-43db-a16c-5ecd6c7630ef', 'a7102148-2081-4148-8dd3-7325714d50af', 'a580ab41-9c26-4417-bb3f-8307588be362', '23c2572b-bf4b-458a-890c-31fafb432fe2', '62cf7d28-ae65-4c5d-a520-c5c07952049f', 'ead1c921-914e-4453-b268-7ab430d3282b', '5a9418aa-1c21-4935-ac80-022dc75f3858', '408c6948-79f5-461e-95c1-240024ffbc88', '4189523f-9a72-4131-8636-aaac03669936', 'f5831249-07e3-4202-a310-75cc66884fb3'], 'IsUserRecommendation': False, 'RecommenderID': None}, {'MusicName': 'Parent bad.', 'Visible': False, 'Votes': 17, 'VotersIDs': ['2e57d72e-10c5-4043-82ab-ae0b7e1060e1', '859693de-0485-48be-876f-04d081e404fa', 'ee2800e1-428b-4057-8e8b-0f700e7939ec', 'fcd6e6b9-8d12-4fd6-8840-d653ca1213ef', 'e0e78622-e0ff-4c70-8b1d-e86fbe85459d', '4890c5ec-b5b9-4b70-a531-d9c718c340ba', 'bf2199a3-f2c0-4402-82a2-1cdf843e3553', '145c8429-c800-4a25-a832-5142fc1e54e4'], 'IsUserRecommendation': False, 'RecommenderID': None}, {'MusicName': 'Bit teach see.', 'Visible': True, 'Votes': 10, 'VotersIDs': ['8d3ab3ab-f697-4785-b41b-10a7c4939764', '8ae11ac0-ee36-4a5d-9cfb-9f5a8e96ec0e', '6c74871d-271e-40aa-809c-b0ed20deb766', '264018bf-69fc-4a90-8865-8dfb06736684', '1b105510-621c-4b86-8fa4-8882949c4dd1', '8d3718be-2110-47d6-a5e1-496ac36144af', '0da2aceb-e5ef-4fd5-a9e7-0b0c65851d19', 'd9863be1-a6f9-4a27-a617-4b1460db5c9b', '9a4c56f8-0428-44a9-8c31-0bdc0ad5a073'], 'IsUserRecommendation': False, 'RecommenderID': 'eee2140a-57a7-4521-9dd3-40639d5b081e'}]",False
"[{'MusicName': 'Read measure family.', 'Visible': True, 'Votes': 14, 'VotersIDs': ['6d55e0d8-477f-49d2-8e5d-972a7bb735d5', '292df954-8dea-4ade-916d-496514c41ffa'], 'IsUserRecommendation': True, 'RecommenderID': None}, {'MusicName': 'Foot perhaps.', 'Visible': False, 'Votes': 6, 'VotersIDs': ['24994763-8c2f-4a94-a1f5-1cce467b8b2b'], 'IsUserRecommendation': True, 'RecommenderID': '511a0873-c809-40b3-96fe-3cf08b9633b7'}, {'MusicName': 'A forward.', 'Visible': False, 'Votes': 29, 'VotersIDs': [], 'IsUserRecommendation': False, 'RecommenderID': None}, {'MusicName': 'Human image.', 'Visible': False, 'Votes': 20, 'VotersIDs': ['81048022-fc1f-415a-8317-a62a529f7651', 'cbb2f6d6-4791-4465-b376-d06b1fa2ca4d', '452af727-d1d1-415e-80d2-b718bb0bba93', 'a342b100-d50d-434d-8e34-48848ee7a55a', '5b494103-7901-4451-a576-69f652aa3147', '2da208a4-8297-483b-b0ce-25490ad7cfaf', '6e5adc8f-44bd-4ec6-94be-cc37eef99dd1'], 'IsUserRecommendation': True, 'RecommenderID': None}, {'MusicName': 'Individual science always.', 'Visible': True, 'Votes': 42, 'VotersIDs': [], 'IsUserRecommendation': True, 'RecommenderID': '53b3d636-2088-417f-9db4-97829c55c747'}, {'MusicName': 'Daughter education.', 'Visible': True, 'Votes': 35, 'VotersIDs': [], 'IsUserRecommendation': True, 'RecommenderID': '331cdd05-6ed5-4b57-844f-a411358c51a6'}, {'MusicName': 'Door only movie.', 'Visible': True, 'Votes': 23, 'VotersIDs': ['a7d0ae67-9833-41d4-8a5c-5e4fe220610c', '25bf5a69-50cb-4e7c-828f-cc2b03145b8c', 'd887aa5f-43cc-4420-8b9e-3dbbcb0bfc2c', '4efadae4-b6fd-4219-a89e-f0a8258e50c4', '460c4e42-21c6-4822-b475-5144efda2e4a'], 'IsUserRecommendation': False, 'RecommenderID': 'f0f29f44-84ef-4db9-85c4-2974228690a8'}, {'MusicName': 'Believe policy what.', 'Visible': True, 'Votes': 8, 'VotersIDs': ['4b73cfc9-004a-4859-b567-d3ebd51864b9', '21086fa1-389d-4105-9304-5171222a2622', 'ee032be4-8e09-474a-9c1b-dfdede8774fb', 'd000628e-d669-4383-bbef-74076140535a', '454b1598-6029-4401-9c14-71806677f88e', 'db61e750-08ce-48c6-944c-ea37a7b4e44a', '9328acab-894e-41df-a0f2-fccf5dc75dca', 'ca2a9969-b060-4ecb-80c6-834c9f01b61b'], 'IsUserRecommendation': False, 'RecommenderID': 'ae0b6d27-e95d-43cd-98a3-d3030baa47cf'}, {'MusicName': 'Anything example once.', 'Visible': True, 'Votes': 5, 'VotersIDs': ['71cc7ea8-d7a6-49e8-948a-194d2e4bdb8c', 'd38c2f4b-4501-4c11-9b7f-70f253cb79a2', '6a007399-99f3-4667-a709-c8ab80b1485a', '05fe09dd-36a7-4ae5-90c6-973a55017326', '3ffa28ad-0d2c-4cdd-a8b2-a3725126baf2', 'ce4459c2-8b10-4fcf-a9ef-0c4f162de4db', '2e9176d6-7e6a-4bb1-b5ce-bb5f5557542c'], 'IsUserRecommendation': False, 'RecommenderID': '6d026ff2-3c6a-46c1-a3c5-e61283b17326'}, {'MusicName': 'Sometimes quality important.', 'Visible': False, 'Votes': 3, 'VotersIDs': ['20163b75-fc04-4481-80cf-a06988db5ed7', '9cf03cdc-5269-4042-9bdc-14a840366b0b', '7d7d5a37-65e0-4260-9f42-625d374a8fd6', '1345ef54-563a-4d9f-8e9b-d353a3b3b972', 'e71572d2-78b1-4151-a6a8-8d5bda5c525b', '5df43aaa-90ed-4063-908c-a90256d2aca9', 'a1655671-715a-4253-ae47-6ff08def809e', '43903444-f516-4079-a203-4121fc14b2d4'], 'IsUserRecommendation': True, 'RecommenderID': '29115282-994e-4c0a-8b21-1a241f5a8cd0'}, {'MusicName': 'Increase if.', 'Visible': False, 'Votes': 34, 'VotersIDs': [], 'IsUserRecommendation': False, 'RecommenderID': None}]",False
"[{'MusicName': 'Statement social wrong because.', 'Visible': False, 'Votes': 1, 'VotersIDs': ['0d2b04e3-be51-40f0-908b-de614b2e1289', 'bff2eee7-fa01-4c45-9091-5f4838c364e4', '8bfd97be-cf97-421b-9a98-f2c503c9a96e', 'fe667099-a2be-4f2f-b99e-be0851570811', 'aa7960d1-7e54-4858-bf16-f6a7f8db8a2d', 'a42b68d7-b3bc-4196-a3eb-9327f24bbc91', '80b89da7-814e-45c2-9f43-6b710827cd59', 'ea1e64a9-0e58-4f16-836d-add88678dd26'], 'IsUserRecommendation': True, 'RecommenderID': None}, {'MusicName': 'War support.', 'Visible': False, 'Votes': 47, 'VotersIDs': ['4eb3cfef-bf44-4805-8d79-e7117abcbac9'], 'IsUserRecommendation': True, 'RecommenderID': '6a9e84db-9734-40fa-9f02-6af12ba6902b'}, {'MusicName': 'Land whose statement.', 'Visible': True, 'Votes': 27, 'VotersIDs': ['fffab14e-30c5-4c63-91f2-aa6f2ca8bff7', 'c3c1c233-c328-4367-9c96-2ef2e9e3ff1b', '381687da-db46-494f-bf18-ae4376b63992', '1a0239ba-ec43-41e5-a017-322cbda4d109', 'c13923c5-4ee4-4394-b13d-6c6df85b998b'], 'IsUserRecommendation': True, 'RecommenderID': 'dd96d0f5-4410-4ff8-b048-22f6b0902d4e'}, {'MusicName': 'Describe hit.', 'Visible': True, 'Votes': 12, 'VotersIDs': ['c805258d-c7a9-439b-8a96-264d4883e07b'], 'IsUserRecommendation': False, 'RecommenderID': None}, {'MusicName': 'Son.', 'Visible': True, 'Votes': 31, 'VotersIDs': ['05e2f249-6963-41c6-b98c-954cd2d0a1ad', '47ab8305-1788-4a4d-85b4-0fa73a9397b8'], 'IsUserRecommendation': True, 'RecommenderID': '702af9c0-7bbf-4e51-8f36-f182a19ddad3'}]",True
"[{'MusicName': 'Stop drive employee.', 'Visible': False, 'Votes': 46, 'VotersIDs': ['921f7965-fd66-4c14-91b8-42c015444189', 'f8257218-38cd-4079-8bf3-a1d36b3c94f7', 'a098ed48-c374-423c-b033-bb70064ef0f4', '590e85a6-1cf9-4aad-b2c3-835c6692defa', '4b32e23c-43fc-41ce-86e3-0c6192cfbd4b', '7e750ae4-ef66-4b21-b438-4a870bfcb8b2', 'c61017ab-fec5-4945-8095-7fc9f7e1bceb'], 'IsUserRecommendation': True, 'RecommenderID': '976ce9e2-0f07-4c69-990f-9c2c0bab6403'}, {'MusicName': 'Federal high travel.', 'Visible': False, 'Votes': 45, 'VotersIDs': [], 'IsUserRecommendation': True, 'RecommenderID': None}, {'MusicName': 'Someone happy.', 'Visible': True, 'Votes': 16, 'VotersIDs': ['7996b9a3-48e1-4588-821f-436cc0e723f3', 'e6e3a7f8-833d-47fd-93a7-f241119e2401', '0cc86efa-af19-472c-a85f-3a2eb3e10982', 'ebc685bd-21f4-45ff-a0f9-89cef9ce016d', 'a37bc8a7-c804-45c6-a14e-ffd841f898b1', 'e5626ce9-4c84-42b4-80c0-b3f3d10ba432', 'ef218113-e8fc-491e-9bae-c20390912b2c'], 'IsUserRecommendation': False, 'RecommenderID': None}, {'MusicName': 'Strong.', 'Visible': False, 'Votes': 13, 'VotersIDs': ['4f1a4de5-c878-4dff-b50c-6908a3638541', 'cd034d34-f3d8-436d-bb37-5bd57532ef56'], 'IsUserRecommendation': True, 'RecommenderID': None}, {'MusicName': 'Class sell lawyer.', 'Visible': False, 'Votes': 20, 'VotersIDs': [], 'IsUserRecommendation': True, 'RecommenderID': '51c8e762-a80c-4e0b-ba46-ac82ee82d9f4'}, {'MusicName': 'Sound morning.', 'Visible': False, 'Votes': 19, 'VotersIDs': ['b50000d1-c89a-4a1a-9456-711a95806754', 'b1cc8e60-f43b-48b5-bf8c-4ec521a4c891', '698173c1-e787-4e40-979d-3a2333d69775', '054a4adf-eb7a-4ff9-993d-b999a40222e0'], 'IsUserRecommendation': True, 'RecommenderID': None}, {'MusicName': 'Foreign.', 'Visible': True, 'Votes': 29, 'VotersIDs': ['8bcf9b5c-63e0-4b67-a875-5ab177d4dfb8', '693c1eea-5ed1-412c-9aa9-d73250f66e5d', '1931e314-dd21-4d05-8637-80d4dde4ad87', 'e81e8a0c-56c2-40e9-a965-b31215cc192c', 'b1f08939-7abc-4d1d-b831-55a9a6008ed5'], 'IsUserRecommendation': True, 'RecommenderID': None}, {'MusicName': 'Material tonight.', 'Visible': False, 'Votes': 5, 'VotersIDs': ['75268def-6f6f-4c4e-8393-1c419be47ef4', 'e469d2fa-85eb-46a7-981d-aacbfeca4d76', 'c9dbf80a-2eba-474b-a20b-22fed1218b2f', '4b9e8cf6-5755-44c6-9f46-39c0aeefe21b', 'c2e6bbf2-8038-414c-9525-19c0c1d5ab46', '2c680e0c-b87c-465a-b873-284e2301f1f8', 'cfe99638-adff-43e5-b683-99666f23a598', '29422a11-51fe-4527-b4b3-b15ffedb4bf0', 'f243fa32-b068-4529-a568-e0ae56954a80', '21a3a395-718c-49fa-8c29-76d148157448'], 'IsUserRecommendation': False, 'RecommenderID': '2d1dc9af-fbf2-44fc-90f0-b42032658709'}, {'MusicName': 'Sell address move.', 'Visible': True, 'Votes': 44, 'VotersIDs': ['70b2afb5-8848-4d33-ae15-abf98278e638', 'cf204429-cc18-4415-8019-cd73dfaf968e', '7323ec15-4777-4a73-a50c-9bec28722b2c', '826550e6-f1aa-45f0-9d1c-d5979404684e'], 'IsUserRecommendation': False, 'RecommenderID': None}, {'MusicName': 'Same let.', 'Visible': False, 'Votes': 45, 'VotersIDs': ['3a7e4d16-6836-4ef5-b2e9-6c5dfe0ec615', '17a8470a-eee2-4575-8e74-c72cc5994c58'], 'IsUserRecommendation': True, 'RecommenderID': None}, {'MusicName': 'Establish message short.', 'Visible': False, 'Votes': 22, 'VotersIDs': ['9d745f99-88bc-4ab7-906d-9724c3da9a22', '6c78c830-1156-4a72-8f47-d8f093c61476', '574b4e62-b730-44fe-b59f-0d0ec80d33d3', '578dc96e-0fd5-43c0-b143-70699da864ec', '78879fc7-9631-42e4-b248-ac02b00bab68', '2fb3c315-03cc-43f1-92e9-54053cb2b764', '1b0faefe-75cd-4b99-b61b-9f92ee2e1dc4', 'bdc1783d-59e7-4776-8b3b-ce5fc11d7e87', 'cef01423-89f0-444e-890f-8835f6b9e3c1'], 'IsUserRecommendation': True, 'RecommenderID': None}, {'MusicName': 'Pretty official necessary.', 'Visible': False, 'Votes': 49, 'VotersIDs': ['fea68cb1-2384-42e7-a634-4d6ff1151af7', '14d41971-3cc8-47e2-a322-2c0c84507d04', 'dcebd6d0-36f6-43ae-b73a-2183b2f1e0c5'], 'IsUserRecommendation': True, 'RecommenderID': None}, {'MusicName': 'Daughter sport speech.', 'Visible': False, 'Votes': 39, 'VotersIDs': ['9941c1f8-9fbd-43c4-bdfc-4f7f55994bff', '6005017e-8327-48f7-98a2-59421746c6d5', 'efccdf00-41c8-4a2d-8d13-58a478917301', '69c1e434-5ba3-438c-bb86-01e7694d545c', 'b7966e7a-d3ec-4cfe-a395-ff7f29a51159', '3e03ae6d-cb7a-4b13-9843-7ef43f754826', '3673f337-e022-47af-9dcf-720dd9694873'], 'IsUserRecommendation': True, 'RecommenderID': '29d7a633-599e-4083-adf4-7275b49ba207'}, {'MusicName': 'Note company.', 'Visible': True, 'Votes': 13, 'VotersIDs': ['7e433f4e-7596-4f23-8f66-5598980cda1b'], 'IsUserRecommendation': True, 'RecommenderID': None}]",False
"[{'MusicName': 'Learn treatment.', 'Visible': False, 'Votes': 11, 'VotersIDs': ['ec9c725f-52d9-4bfe-b5f7-6b15ffc6e178', '99fcd212-eeca-43ae-84e5-63d0996e3830'], 'IsUserRecommendation': False, 'RecommenderID': '97bc7cae-95e2-41a0-959b-ce5b9e698adf'}, {'MusicName': 'It day.', 'Visible': True, 'Votes': 30, 'VotersIDs': ['27030f5b-26b5-49fc-8ff9-20512d4039fb', '3cbd6977-e7a0-4b73-b13f-4fd0bfa37757'], 'IsUserRecommendation': False, 'RecommenderID': '20dfbdcd-b4b9-4223-b976-f166ee96b4d1'}, {'MusicName': 'Wait matter attorney.', 'Visible': False, 'Votes': 35, 'VotersIDs': ['fa505ce1-e5f2-463f-b4e2-00b98f812d0e', 'ad6c21d9-12e9-45ff-906e-8338a99341b4', '66b3e882-c0b2-4988-b529-ed484f059f88', 'a4bb2c5c-e881-4977-9881-5e2a7a5dcaf1', '8accc82b-aa5c-4a18-bad5-5f6b4070da46', '33eb3330-7fad-49c2-978e-f3402b9761e2', '62523a57-5a75-46f4-8825-e5e8359a1d1d'], 'IsUserRecommendation': True, 'RecommenderID': '0d5aea31-fee5-464f-88bb-3813c24dbef7'}, {'MusicName': 'Such develop per.', 'Visible': False, 'Votes': 44, 'VotersIDs': ['cf8be9b4-a5dc-4490-b3a0-20130438169b', '6ad67a63-405a-48ac-b777-06daf8f84d98', 'c32e958e-4c6a-4cc7-8daa-42ebcfcbc62b'], 'IsUserRecommendation': False, 'RecommenderID': '3d4c4140-0e9c-4dfa-b28e-68470cbe9e26'}, {'MusicName': 'High window.', 'Visible': True, 'Votes': 48, 'VotersIDs': ['2c5d5dea-57f9-4b03-978d-9f3873ef2ed4', '61858f48-03ec-4a46-8f0c-287744244c37', 'c92947da-1417-411d-9ea5-5c4707bea02d', '017087a7-199f-4492-86a4-43bcd22f2912', 'b222f8c4-679f-43d2-82c8-17edcb1d4d7e', '3582d058-8d0a-433a-b6d7-67f3b4c0fced', '7f8a5b8a-3e78-4970-b742-d2135c907a35'], 'IsUserRecommendation': True, 'RecommenderID': None}, {'MusicName': 'Service adult special particular.', 'Visible': False, 'Votes': 34, 'VotersIDs': ['edee78a2-0903-4e8a-8414-98ab33e9c6a8', '5f527947-efe3-4dfc-b1fc-36780e9c4e9d'], 'IsUserRecommendation': True, 'RecommenderID': None}, {'MusicName': 'Sort protect collection.', 'Visible': False, 'Votes': 20, 'VotersIDs': ['6b9f765f-284f-4202-b553-ec1c45dc9e9c', 'c5f5b689-4808-44a6-abcf-4a6ed84fba33', '98c21c77-7b94-4fdc-b7f9-fccb314cfbe9'], 'IsUserRecommendation': False, 'RecommenderID': '60de373b-0c8a-4e4d-86ab-ecf5be05b5d2'}, {'MusicName': 'Central between.', 'Visible': False, 'Votes': 38, 'VotersIDs': ['8e06ac17-3093-436c-9fae-817f17864ccf'], 'IsUserRecommendation': True, 'RecommenderID': None}, {'MusicName': 'Degree south.', 'Visible': True, 'Votes': 25, 'VotersIDs': ['ab7b5415-404d-4825-9a22-e7a9af4239d1', '5c86289f-c4fa-48dd-95ef-4ac12f617352', 'e02063f9-fcb7-4322-8b7f-a6824794f657', '200368ca-414e-45a9-923f-e22e80112436', 'd52d4683-f809-4a59-97be-98cfedfba3db', '17318fdf-ecca-48df-b226-087a1633c106', '9e5c62ea-3598-4004-b357-00621563aff0'], 'IsUserRecommendation': False, 'RecommenderID': '504be111-91cb-46c9-998a-523e900d4cf2'}, {'MusicName': 'Season buy trouble what.', 'Visible': False, 'Votes': 34, 'VotersIDs': ['52bdece7-2ce4-4a99-83c1-17687177b6c8', 'f703d5b9-0a5f-4dfe-ac27-70cfe839e65c', '49ca5c73-dbe3-4805-80af-c53108c8870b', '08c82d69-6882-4863-bc79-caf127dbfb7c', '77f9f654-60af-4cab-a42d-fd1ee5952fc4', '38b4f583-de78-4570-97b1-8ed2951874cf'], 'IsUserRecommendation': True, 'RecommenderID': '44738b22-470c-4526-8d35-c8273cf974a4'}, {'MusicName': 'Who mean.', 'Visible': False, 'Votes': 50, 'VotersIDs': ['4b786777-5875-4dc2-bca9-449e01bb5aa9', 'd60789ed-0d9d-4bb2-8dd2-5fda2f02ab21', '25f05cec-a68b-4a26-98bf-2e7631685fb2', 'a081b70c-71bd-4c39-ac7a-7c8afe9ba728', '51333064-1381-44ee-946b-023458b8eaf1'], 'IsUserRecommendation': False, 'RecommenderID': None}]",False
"[{'MusicName': 'Prepare keep.', 'Visible': True, 'Votes': 23, 'VotersIDs': [], 'IsUserRecommendation': False, 'RecommenderID': None}, {'MusicName': 'Base nature media.', 'Visible': False, 'Votes': 27, 'VotersIDs': ['3c7fb9a5-a5c1-4fa7-aceb-cda8db8ea4d0', 'fe7064f2-1188-4e2b-840f-0d11ab789f8d'], 'IsUserRecommendation': True, 'RecommenderID': None}, {'MusicName': 'Both audience.', 'Visible': True, 'Votes': 24, 'VotersIDs': ['2c5872b8-728e-46a4-b33f-3726e721303d', 'c43f1281-21b9-4cf7-8e87-9e7deaea261a', 'f81f747c-bfad-417f-abe2-20f50faa9fcb', '47bf267e-f601-477b-91fa-94ca2f44d155'], 'IsUserRecommendation': False, 'RecommenderID': None}, {'MusicName': 'Employee feeling.', 'Visible': True, 'Votes': 47, 'VotersIDs': ['d99d2f42-1c7a-4cf0-b96c-e5112f045843', '6d3e0eeb-d2c8-411b-8d2a-47c75fd8b621', '17c1ef1d-3c1e-48b5-919d-9ed189566a5c', '1da88e97-1acc-405e-910f-53d5c7f8d7c3', '7cd45f23-3e28-4e99-a5aa-237447389893', '1c4592e3-2260-4eb6-90e1-11dda03b303e', '6326c7f7-408a-40dc-8a4d-7d4f8f104d2d', '966c62cb-9ad7-41fc-825d-98a866c3413c'], 'IsUserRecommendation': True, 'RecommenderID': 'be369701-7b15-4fee-8fee-c5397a2c3a18'}, {'MusicName': 'Tough board.', 'Visible': False, 'Votes': 0, 'VotersIDs': ['cb1ebbc8-e101-4eef-b62c-9637dc6431d5'], 'IsUserRecommendation': False, 'RecommenderID': None}, {'MusicName': 'Eat single avoid suddenly.', 'Visible': False, 'Votes': 6, 'VotersIDs': ['eb7d4da0-f292-48af-a403-900d033004de', '896ac4bd-ae41-4401-b0fe-cb63003a1079', '2b3fce6a-fe7a-462e-b663-996478bd2788', '561780e2-a531-49d3-a7ce-fd752a563b56', 'cab42501-0060-4470-9479-947519b7002d', '43589ff8-f639-4e00-a7f1-9c992650daad', '3a4dcac9-9c9b-4ffe-ab28-236124151fc5', '851055d3-8efd-4aac-8582-7fdef8a9cb8e'], 'IsUserRecommendation': True, 'RecommenderID': None}]",True
"[{'MusicName': 'Ok five election.', 'Visible': True, 'Votes': 36, 'VotersIDs': ['d5ba5378-e8d0-4de4-888d-f1c2950b8096', '154b9783-7fd7-4eb4-9d09-81e14b9ff393', '63f39895-fe96-48ec-95d8-3ce5486fae4f'], 'IsUserRecommendation': False, 'RecommenderID': '0ef677b3-0284-41ee-aa24-7ffc070e8a4c'}, {'MusicName': 'Wear weight.', 'Visible': False, 'Votes': 10, 'VotersIDs': ['76358d33-1d03-4e98-8db6-3d8875e1167a', '3573c2e5-4c98-4519-82a5-cf8534ff2462', '0f611a21-ad99-43b1-91fc-ff6a6eacebc5', 'a90c3f6f-a99d-4454-a913-ff889beb29f0', 'dbee3533-8cf1-4665-99ef-4fe775f838ee', '32e5be79-8c32-4a57-981f-8516eac7c0ff', '659699f1-3f5c-4481-921a-3551cdea8f14', 'b1fb044f-3509-40f6-9daa-a1c00b654e1e', '078c9790-c39d-4ecf-8fc0-4d363d01a1c8'], 'IsUserRecommendation': False, 'RecommenderID': None}, {'MusicName': 'Already learn center.', 'Visible': False, 'Votes': 19, 'VotersIDs': ['4e57519b-7b09-46c6-b574-f59a8ca8af79', '3edc3005-71d6-4df5-97dd-8408adbf1651', '9daef392-dfc0-4a56-a77b-627b2d1a3f0b', '7f364251-b520-404e-aae9-4563103f466b', '86915567-087b-4605-812a-b86f75499b35', 'de3033cb-dd04-471c-a5d0-24cbf1373e33'], 'IsUserRecommendation': True, 'RecommenderID': '35e02dd5-a558-4ac1-9f19-bee745757ab0'}, {'MusicName': 'Stuff task.', 'Visible': False, 'Votes': 33, 'VotersIDs': ['83e9ced9-9d54-4d48-8eed-1d02dadee4c8', 'f0b0027f-b22d-4763-abd5-e3b9dba71820', '70b692fc-4ece-4292-a6df-1b7bc23fe670', '8c0774a0-d6cc-4773-a4d7-ed59092fc9cc', '8a19d78c-c88e-47ee-915d-21c35e9e1614', '904ada15-80fb-4bb1-a5ef-17806f887333', 'a36ebf2e-c5e8-4c9e-be2f-acae550b1023', '903d5c91-78c5-48c9-b656-e0e2b8332db0', '8b313898-80a4-44b9-aaf5-c0052281eae0'], 'IsUserRecommendation': False, 'RecommenderID': None}, {'MusicName': 'Former above.', 'Visible': True, 'Votes': 2, 'VotersIDs': ['c66296a2-2460-48db-83d3-eae8c9a95d53', '456e49ef-2615-4a99-a47e-25d9ff20c272'], 'IsUserRecommendation': False, 'RecommenderID': None}, {'MusicName': 'Institution best.', 'Visible': False, 'Votes': 39, 'VotersIDs': ['5af73b0c-1cb3-413d-9ef5-3aeddaa10e43', '354bac29-4be3-4d8c-a2ea-25303bfa139f', 'c2e98221-2d77-47c0-a574-b6fec5ba9cab', 'fd755803-e048-4846-a73d-abdb9a38b861', '92c146c7-e24d-4e42-a36d-56e6da16a56e', '694a682c-41f7-45e3-9d14-b23b2b819b38'], 'IsUserRecommendation': True, 'RecommenderID': None}, {'MusicName': 'Body.', 'Visible': False, 'Votes': 34, 'VotersIDs': ['11fa9ab6-024a-408b-9d7f-d259c6a6e8b4'], 'IsUserRecommendation': False, 'RecommenderID': None}, {'MusicName': 'Sell send some short.', 'Visible': True, 'Votes': 10, 'VotersIDs': ['0a8582a6-f123-47e9-a835-648e8f2d013d', '5f1a66af-5f74-4ebd-a70c-e60693dd1202', '27775941-be55-4d22-aa9a-bd16fd4c8f0e'], 'IsUserRecommendation': True, 'RecommenderID': 'f2974664-aaa4-4fed-a2cd-701b4c42945b'}]",True
"[{'MusicName': 'Whom.', 'Visible': False, 'Votes': 16, 'VotersIDs': ['78d5a8c4-d64c-4e3d-8ac2-0215acc8498f', 'cce6c573-7929-4bb9-88e7-1aebc8c35f4a', '7bda2e36-a511-4375-8012-0a0e064ef37f', '04b0e15f-632d-43d4-9079-5012f0f2082f', '5ff0d6c6-1854-4448-92e7-1b57b6b2fcae', '61f82cd2-4190-4fe3-b6c3-7507aee4053e', 'c4ed13d2-9ac1-4ab1-931b-0634463bd158', 'd34dfe2a-bc36-47d6-a7cc-cbcac37358c7', '44b75ca7-4351-4624-90ed-861943a00d79'], 'IsUserRecommendation': False, 'RecommenderID': '37bb5252-a3ed-4696-8e8c-e943536e5ca8'}, {'MusicName': 'Democratic admit.', 'Visible': False, 'Votes': 41, 'VotersIDs': [], 'IsUserRecommendation': True, 'RecommenderID': '0066dc8f-c7d7-488f-a96d-3f775436fc41'}, {'MusicName': 'Another energy.', 'Visible': True, 'Votes': 16, 'VotersIDs': ['43f56ac7-16e4-45c1-a57f-7db2da7f652f', '3840ee4c-7627-4f17-b137-fb2453417329', 'e78836ef-df3b-43e7-ad7c-cd8e4fcbca1f', 'a40106f0-2e9a-4458-ad34-ad4624fb8c1a', 'c740f44a-6b31-4b8c-96bc-1c733ff90fb2', '49c80cc3-6d01-44ed-92fe-58688f201317', '8dc52d1d-0632-4f71-b667-64340ef11daa', '37aa4a95-7dd6-4825-a426-b53c58ec00fb', 'a32f4f88-a725-4c3c-bc2c-bbf140458799'], 'IsUserRecommendation': False, 'RecommenderID': 'e6fe5282-b711-4f77-b440-1658619368ee'}, {'MusicName': 'Specific western.', 'Visible': True, 'Votes': 44, 'VotersIDs': [], 'IsUserRecommendation': False, 'RecommenderID': '958b5333-cfe9-4a32-bbaf-e9bdecf43963'}, {'MusicName': 'Decision care.', 'Visible': False, 'Votes': 34, 'VotersIDs': ['194eb284-99e8-4601-85bf-92fd42e5762e', '16afb940-0bbc-4f27-85cc-7bf62f6e6507', '39bdd124-1078-45c2-ada0-88d35ddc0e9f', '90a88ac2-a695-44db-a9f3-b75e7f52f7cc', '5b3a45ed-7d8d-4961-aed6-7d19a372dca6', 'bec57a5e-d4fd-4617-8404-39c28a14d29f', '2015c58b-452c-4d8f-bdd5-e004a107ffc4', '67705b55-e5d1-4fec-b460-8f9191321cf9'], 'IsUserRecommendation': False, 'RecommenderID': 'db13e018-9903-48c5-8009-aad6c5f826bd'}, {'MusicName': 'Nation organization think.', 'Visible': False, 'Votes': 42, 'VotersIDs': ['d7d819a3-f71c-45ed-a6f6-3a0bf6f8db12', '5b5f389c-b3bc-41ba-ab92-50a41b96dc28'], 'IsUserRecommendation': True, 'RecommenderID': 'bc903511-d33c-4ce5-8aa3-1ab387c09907'}, {'MusicName': 'Serious and mission.', 'Visible': False, 'Votes': 35, 'VotersIDs': ['21cb042c-d26d-4079-8ada-b482a0c131c3', '538f9e3d-6f6f-4f54-9a32-439d243b2908', '61b66c41-8677-49ad-9451-2f507289fce9', '3dcad0d7-7c4e-4e74-a601-81c802dcca7b', '5bd88659-72a8-4d0d-b481-bdacb26aec48'], 'IsUserRecommendation': True, 'RecommenderID': None}, {'MusicName': 'War model education.', 'Visible': True, 'Votes': 50, 'VotersIDs': ['3268a0f2-bfa6-4acc-b40a-43c9ec512911', 'f55f4794-0aa9-482d-8bf7-6ad3955a8b94', 'ff986877-6d2e-4a28-9010-3d7b6c2b6d41'], 'IsUserRecommendation': False, 'RecommenderID': '1aba4586-7282-43dc-bcae-74f155d8d216'}]",True
"[{'MusicName': 'Media learn.', 'Visible': True, 'Votes': 28, 'VotersIDs': ['6ccb616b-47b6-443d-84ef-d85b7130acf8', '41a6f12a-ce85-4c51-ab05-b1038666fac7', '55b74d5a-3439-4a69-afa6-79673b67b429', 'aa07f1c0-ec5a-4875-8afc-7ab705eb213e', '4c494609-ca84-4abf-959e-4c8ec26c2106', '964178d6-adfd-4f6c-b1c2-7ac50251faa5', '81ec4aa2-3ed2-4468-8476-93c0dd48375e', 'f4d9a63b-6801-40a4-9ba2-b0b285e683fc', 'ef219b85-a18d-405b-8f8e-a44aa0618de5'], 'IsUserRecommendation': True, 'RecommenderID': 'e327d993-6d11-46f6-b317-538ed5f63bc4'}, {'MusicName': 'Control choice some.', 'Visible': False, 'Votes': 1, 'VotersIDs': ['4470106a-a0b1-4569-8ba7-2926d45733d6', '3f7844d0-0d8b-4f19-a1a0-f72ef74f9498', '41a2804c-bfdf-4e2f-b65d-622633dbf88b', '58a8bbf0-7ebe-4a97-8671-64c212ffcdbf', '48e653b6-6596-4cbd-af83-01a7ffb88528', 'af5b3b67-1421-460b-86ba-e98167e7b5dc', 'd7fcb6ce-cf18-4545-bde1-3e26b910735b', '5f0ce0da-8da7-4b88-8f78-f97d8d368196', '188465bb-72fb-4bd9-a1f3-6f7cedbe9088'], 'IsUserRecommendation': True, 'RecommenderID': None}, {'MusicName': 'I.', 'Visible': False, 'Votes': 46, 'VotersIDs': [], 'IsUserRecommendation': True, 'RecommenderID': None}, {'MusicName': 'Establish dinner help.', 'Visible': True, 'Votes': 21, 'VotersIDs': ['252b43d4-4640-4eb2-bdb7-045a3e84e128', 'c870a87b-4ebd-4877-af3e-3c42d74ae681', 'a466da43-1431-4a51-92ae-638146c64029', '021f73d7-1102-4bd7-9112-659a2928d17d', '60b2f4d0-55a8-4c68-a580-834cf2e44993'], 'IsUserRecommendation': False, 'RecommenderID': None}, {'MusicName': 'Society analysis must.', 'Visible': False, 'Votes': 3, 'VotersIDs': ['ee5e207d-863f-48e9-8497-ec2c82efdb4c', '7a79e2e1-f78d-4e60-b345-0fb60fc04f76', '4624446f-cb0e-4598-98c6-51b8cd95f0cd', '3e1a537f-5f0f-4036-911b-2bab87584855', '85d7125b-7082-4bbc-99ec-b18ccca84923'], 'IsUserRecommendation': True, 'RecommenderID': None}, {'MusicName': 'Value western.', 'Visible': False, 'Votes': 29, 'VotersIDs': ['24574d4d-ae67-4dce-83d8-a6403dfeea3d', '76f8c51a-56cc-468e-b66c-3e8e99674beb', '97f71987-ca5b-4dd4-91f6-43eb3b40bb92', '2157b7d1-a867-4593-aa1b-94b8b2ef02ce', '53c13108-34fe-4c7b-bd59-be912730e43a', '6e183de6-104f-4800-b61d-09f4d8d842bf', 'dc907c4d-456d-4a6f-86e7-02952bb32b46', 'ffb9d3a6-522f-4709-bc41-8a49a21ffcd0', 'b47c7b50-b3f8-4e25-9b62-2ebabd0c4c3a', 'ca46857d-f45d-42b7-a98a-711e61311ec3'], 'IsUserRecommendation': False, 'RecommenderID': '0816bbc3-64c2-415c-82a6-03eaabb058f3'}, {'MusicName': 'Everybody cost.', 'Visible': False, 'Votes': 20, 'VotersIDs': ['bee59a09-a3eb-4ffe-b171-3c5f222e7fc9', '03010331-0425-4b6c-a5b8-a59047b15425', '4056e4e9-490c-45bf-9b70-f783833fd9de', 'd33139b9-aee7-4bdc-960e-82ae561ae807', '4a4c6b2c-e21f-4c5a-ac35-0bb3ba02c225', '0c1cdb32-736c-4fd0-b21a-a514f08bced3'], 'IsUserRecommendation': False, 'RecommenderID': None}]",False
"[{'MusicName': 'Television both team spend.', 'Visible': False, 'Votes': 33, 'VotersIDs': ['1c7ff6cc-449f-4372-a5ff-ea9197258aba'], 'IsUserRecommendation': False, 'RecommenderID': None}, {'MusicName': 'West level hit.', 'Visible': False, 'Votes': 18, 'VotersIDs': ['78d0349b-3f5d-425d-9913-f15753585c91'], 'IsUserRecommendation': False, 'RecommenderID': None}, {'MusicName': 'Fly fund fight.', 'Visible': False, 'Votes': 24, 'VotersIDs': ['4fcc64b2-ad2b-4fcf-888a-fed18e636079'], 'IsUserRecommendation': False, 'RecommenderID': None}, {'MusicName': 'Lay.', 'Visible': False, 'Votes': 15, 'VotersIDs': ['d6bec3f6-2e4d-423c-953a-d463df4a4f42', 'cbfff3e5-81d1-42f9-b8e1-ac2baa063ca9', 'f4bffcf3-7c63-41ba-9011-91337aa54ff9', 'd6fd9960-160d-412e-9251-841657aba9b5', '96ba1d62-dca0-4fd0-9419-9e6bf3aba656', '2d790e56-1e55-4db4-967a-69e7a5a6af5a', 'f25f66f4-ecff-4d6f-bb3c-e3a0d0a4f3c7', '55d63050-7272-4208-a5b3-386acce8c01b'], 'IsUserRecommendation': True, 'RecommenderID': None}, {'MusicName': 'Fish or early.', 'Visible': False, 'Votes': 8, 'VotersIDs': ['56856077-2a2a-4e51-a6c6-4840e8e48bfd', '99276b9d-cfa9-495a-8c42-ffdd78c805b3', '35923382-cc3b-48d4-a1a0-e967bbe2bdd0', '8b7cef06-01bd-4e54-a675-930dd89282da', '9a2995b3-65d9-4460-aa23-52451b6b0f5f'], 'IsUserRecommendation': True, 'RecommenderID': 'd27a69fc-5f09-4b12-abf1-be2b0db974df'}, {'MusicName': 'Street scene.', 'Visible': True, 'Votes': 45, 'VotersIDs': ['94bd6ecb-1321-4488-a861-ae14e56f0f3f', '199dd695-478b-452e-a0ec-1303780ac692', '8eb952ab-342c-4c08-af27-53c0e5e12e7f'], 'IsUserRecommendation': False, 'RecommenderID': '31185da4-736b-40aa-9e0b-4a3148263a85'}, {'MusicName': 'Themselves future movie.', 'Visible': True, 'Votes': 25, 'VotersIDs': [], 'IsUserRecommendation': True, 'RecommenderID': None}, {'MusicName': 'Explain present miss.', 'Visible': False, 'Votes': 12, 'VotersIDs': ['43cae368-a689-4056-88d2-9482eec34441', '04131ee1-21ff-42f6-8bf1-3c1de25dfe8b', '6090586a-48c0-45af-a8c3-4f5b4ea8253a', '62c84a9e-336c-4ef0-b6e8-f44857f226b3', 'b7b67102-e905-4931-8e2f-442c84b9ffc5', 'cb503d24-b83f-47a1-9543-d3041584fbf8', 'eead46a6-6d42-4b78-ab1e-b719897655ec', 'd38541ec-1efd-4133-af04-d0562fe13fe9', '41b90ab4-8a15-4710-b7b1-89cd0284f524'], 'IsUserRecommendation': True, 'RecommenderID': 'eb31d858-6cd8-4d1b-9da9-7adac2ecf493'}, {'MusicName': 'Exist defense lay.', 'Visible': False, 'Votes': 36, 'VotersIDs': [], 'IsUserRecommendation': True, 'RecommenderID': '22c8cb6b-b80f-4524-b3db-9666c1f6935b'}, {'MusicName': 'Effect during ready.', 'Visible': True, 'Votes': 50, 'VotersIDs': ['a897c796-259f-4860-9b3b-c7ccea64a624', '9b04f6a9-78cb-4925-9ea7-812624af935f', '2ca76545-afbd-4e95-9a4d-b6bfc1d23996', '786d07b4-1827-43b5-be76-d5bee833dd1f', 'b99c498e-64f9-49ea-9e60-9f00587d8298'], 'IsUserRecommendation': True, 'RecommenderID': '55db3d91-e41a-4588-92d7-b8d2fe7683c6'}, {'MusicName': 'Us move next event.', 'Visible': True, 'Votes': 44, 'VotersIDs': [], 'IsUserRecommendation': True, 'RecommenderID': None}, {'MusicName': 'Western could deal.', 'Visible': True, 'Votes': 10, 'VotersIDs': ['523a9213-d3a3-4104-a0b9-7013f9230b78', 'd1c615fc-5045-43ad-a595-b7e685e62e57', '9ebd00c4-2fb7-47a4-b61e-5ea04349be01', 'b72d76fa-04f0-4ac2-9aa7-0f28e65f980e'], 'IsUserRecommendation': True, 'RecommenderID': '21d79de6-2def-474a-95fb-3f154e1f7230'}]",True
"[{'MusicName': 'Despite left.', 'Visible': False, 'Votes': 45, 'VotersIDs': ['76fc4ced-2153-46d6-89a0-631ddb4636eb', '15f76bdf-1081-42d5-8cce-946f62bfedd0', '84d8f999-2ed6-4c10-a25e-2e2aef17d6e4', 'bb3ccb2a-ef5a-4106-95a9-ac2afc298531'], 'IsUserRecommendation': True, 'RecommenderID': '734e00e3-e765-45ac-801a-1950319b0944'}, {'MusicName': 'Alone minute improve.', 'Visible': True, 'Votes': 48, 'VotersIDs': ['7649e0aa-b204-43cb-bb3f-1f37d885215d', 'b8956e28-1514-4e91-9f94-bc61f63a3221'], 'IsUserRecommendation': False, 'RecommenderID': None}, {'MusicName': 'Left final.', 'Visible': True, 'Votes': 47, 'VotersIDs': ['c21822f3-6897-4d04-bc5d-65c1c1798ad1', 'fe7a71eb-0ade-43b6-9f51-5e5423b09eac', '419a6475-b760-4dbf-8abc-c6f1c1950062', 'cb10093e-0de6-449e-9af3-d8773ee7e111', 'dec3f625-9e38-4172-9ee7-871d27aca901', '4f2d6ef3-157a-4052-887e-16050d1e354d', '0d33509f-9c5a-43d9-b912-61225081cbbf', '6c27db70-a5d1-42a0-84b0-f48a737a656b', '1b57739a-e8ce-42a4-825c-4af677e2d54f', '60972c8a-5b3f-4e29-a000-11c93a9745d6'], 'IsUserRecommendation': False, 'RecommenderID': 'd399f9b9-b249-4237-9dbb-fffa379af0c1'}, {'MusicName': 'Day yard.', 'Visible': False, 'Votes': 35, 'VotersIDs': ['a599b455-23bb-455c-9912-af158ade97b4', '40cfc6e1-3598-4f7c-86ce-c085555e13fb', '8620188c-8fe1-4330-b9d6-bffaca3f08ac', 'a991f669-426c-4ec5-9a75-30a34e26770d', '00e3c0c4-b948-4a6a-890d-5392bb1a7ad4', '7abfae22-8eb8-4e4d-8ac5-df5eec605d4d', 'bf96312f-b8fa-4e2c-bb38-236a1a9c09b4'], 'IsUserRecommendation': False, 'RecommenderID': None}, {'MusicName': 'Some free discussion.', 'Visible': True, 'Votes': 43, 'VotersIDs': ['21956051-9865-48b5-a387-5479f30c010e', '29202ae5-d8e1-48cd-9f2d-f42681c8d3ca', 'faf87b4d-9b73-4b3c-87b8-81f5d20b9492', '77764fc2-33dc-4f12-acbc-71063342050b', '7b3d9e3a-b2f8-43b6-aa77-cb22b51c9b0e'], 'IsUserRecommendation': False, 'RecommenderID': None}, {'MusicName': 'Skill.', 'Visible': False, 'Votes': 3, 'VotersIDs': [], 'IsUserRecommendation': True, 'RecommenderID': None}, {'MusicName': 'Step painting.', 'Visible': True, 'Votes': 4, 'VotersIDs': [], 'IsUserRecommendation': False, 'RecommenderID': 'd4da1abb-fe63-48db-89e7-ce1e10c042aa'}, {'MusicName': 'Then most.', 'Visible': True, 'Votes': 29, 'VotersIDs': ['a42c026d-79ca-40a3-bba4-2dd359710a8a'], 'IsUserRecommendation': False, 'RecommenderID': 'fb7c183c-8395-4e4d-8692-200eaf39357c'}, {'MusicName': 'Someone.', 'Visible': False, 'Votes': 15, 'VotersIDs': ['963ba476-be8a-4f48-a53e-6a2a7aca0673'], 'IsUserRecommendation': False, 'RecommenderID': 'fc5264e4-6f38-43ae-a675-1f3b42a88429'}, {'MusicName': 'Yes difference.', 'Visible': True, 'Votes': 0, 'VotersIDs': ['93ec40f6-4346-45ba-96fa-0c1062ac93be', 'f7c1302e-67a7-442a-a0ab-e6d3a94891d1', 'feed5eae-1c31-47f8-b20b-ea52e8cc5ab0', 'e4dcd23b-03fc-40be-bc73-6af986c70f00', '1f38108a-a8ce-44f5-8ea8-47acfd104113', 'fb7df9d8-6257-41b5-aaaf-e98840cd0c93', '75e02a68-5e3e-4705-8910-0f13c0297386', '52fc0767-1fd9-4867-810f-2b7f6b81bf17', 'ce8ec5a8-0c48-4726-b8a4-74b300b91399'], 'IsUserRecommendation': True, 'RecommenderID': None}]",False
"[{'MusicName': 'Around sport name.', 'Visible': False, 'Votes': 32, 'VotersIDs': [], 'IsUserRecommendation': True, 'RecommenderID': None}, {'MusicName': 'Look summer home.', 'Visible': False, 'Votes': 14, 'VotersIDs': ['9a484a33-7406-4ed0-87e7-af14262aae68', '64c07972-beb3-4c36-a6d4-9a4adf903e02', '847bfa5b-630f-4bd2-8e06-cf0adb388f36', '61c51b19-677f-45e5-969d-2346370b339c', '45626c3d-df41-461a-b263-88120fd19cbe', '634af757-82d6-4920-9bbd-31f35c40ae97', '0c09c4d6-0b41-4373-b687-db163dadf740', '721c80d1-3d50-4c8a-a38c-cc5a151a8210', 'f3483195-9592-4e98-937f-7649b047aa5c', 'd56b83b6-75c3-4dde-8d46-6538ad520966'], 'IsUserRecommendation': False, 'RecommenderID': '659c9311-6db1-43b5-b9aa-911d289c9d1c'}, {'MusicName': 'Despite memory decide expect.', 'Visible': True, 'Votes': 15, 'VotersIDs': ['d3918f66-b5ce-4ce9-99d0-05004b573387', '71677a91-b3bc-4279-9334-62f8c5fe011c', '5cb39519-5216-4310-a373-68f1014ad5f4'], 'IsUserRecommendation': False, 'RecommenderID': 'cd22231b-f371-4678-90c7-034af64bee31'}, {'MusicName': 'Blue or.', 'Visible': True, 'Votes': 7, 'VotersIDs': ['09c48a06-84a2-4431-b130-774d2c1e1111', '21966823-bc85-4af2-bc0e-b7634c341a20'], 'IsUserRecommendation': False, 'RecommenderID': None}, {'MusicName': 'House.', 'Visible': False, 'Votes': 46, 'VotersIDs': ['1d561a61-9740-48df-b385-a5ebc41a1b2d', 'aae1251d-baab-4013-bebb-375dbc3dc678', 'f1f29aca-d9ff-4caa-8dbf-22fafa95985a'], 'IsUserRecommendation': False, 'RecommenderID': None}, {'MusicName': 'Describe stay.', 'Visible': True, 'Votes': 21, 'VotersIDs': [], 'IsUserRecommendation': False, 'RecommenderID': None}, {'MusicName': 'Mother trial.', 'Visible': True, 'Votes': 12, 'VotersIDs': ['2fccfe0e-b383-410d-b049-22ce7b19fbf6', 'c1f2ed17-3d5a-4154-a088-9bfa49daa2e8', '901b7e0c-e622-4835-8335-98da652d65dc'], 'IsUserRecommendation': True, 'RecommenderID': None}, {'MusicName': 'Health.', 'Visible': True, 'Votes': 31, 'VotersIDs': ['9514cbcf-2dd6-462e-849f-3496fdebd915', '3508bba3-30a8-46af-a5e1-1272517c95f3', '97f77bda-0286-4cc1-a195-1f399b56ded5', 'a8d55eb4-a7d7-4be7-85ef-9d65fc695593'], 'IsUserRecommendation': False, 'RecommenderID': 'a2c372bd-f86b-4384-be13-073a234d4711'}, {'MusicName': 'Future job during cold.', 'Visible': True, 'Votes': 0, 'VotersIDs': ['62fb2ef0-c884-431f-9b97-51d364dad725', 'afc0204f-4539-447b-a5a5-dada00d7818e', '53ac3165-c377-4640-9df1-0684b81092c2', 'c3f4d6e6-42d9-435c-bec4-d3f3daaa248b', 'd7d41d9c-3d22-4479-8612-320b0e30658d'], 'IsUserRecommendation': False, 'RecommenderID': None}, {'MusicName': 'Idea star.', 'Visible': False, 'Votes': 29, 'VotersIDs': ['b26380d6-b463-410c-b86a-d444fb429dee', '61b63856-389d-4998-a55a-33e29c2716ce', '53b5418e-6ac4-4ca7-a821-83ff7a57f995', '5ddf96d3-002e-4341-94b1-3230da2bc7bc', '37abeaa4-cfa2-4468-8e39-8ae7a2f0c633', '57427fbe-99e6-428b-8152-b05f1a18c898', '72cff4c4-0550-4c66-96e7-539ed15880f0'], 'IsUserRecommendation': True, 'RecommenderID': None}]",False
"[{'MusicName': 'Control either expert.', 'Visible': True, 'Votes': 35, 'VotersIDs': ['c50ae6bf-a27a-42c5-802d-ace5a8f68cac', 'a3e647b5-3386-4735-b58c-4e97e6985353', '1e77ea0b-3175-4d12-a143-abfa5fd276bf', '07c6731f-6faf-4f41-9f7f-713a5ee87853', '01b021b2-0538-4a9c-80a9-7f27580887c4', '8c6a641b-27a6-40bb-b11b-e17d01ebafad', '55a12150-1edf-4ecb-9357-0ebff8d2a562'], 'IsUserRecommendation': False, 'RecommenderID': '09adde01-bbce-467b-ba18-2f34fdfa1a0c'}, {'MusicName': 'Series president.', 'Visible': True, 'Votes': 42, 'VotersIDs': ['3fe6f2c2-0193-409b-a442-f12a0203e0a3', '709879d3-3255-445c-a8d0-f58a71daa6ca', 'e6d628c0-a961-4a52-a3d9-22f015cb313f', 'ef6b46e0-d456-4002-a0b6-c587eb9cf3be', '103b22b9-c88d-49f2-9823-ad9728035702', 'b4431df5-7fa1-457c-abd0-0690c014ddba', '359accb2-76ef-4b43-ae30-18770da100b4'], 'IsUserRecommendation': False, 'RecommenderID': '34561e5e-2bd1-4731-b28b-a0a7f12ef15f'}, {'MusicName': 'Glass pay smile.', 'Visible': True, 'Votes': 7, 'VotersIDs': [], 'IsUserRecommendation': False, 'RecommenderID': '68a08fd1-aa6d-440d-9c74-233499c4935d'}, {'MusicName': 'Job owner cultural.', 'Visible': False, 'Votes': 32, 'VotersIDs': ['a9b9ee19-4553-4906-8d44-144f87ab14fe', '647284a2-3771-4d7f-9249-35127eeab3db'], 'IsUserRecommendation': False, 'RecommenderID': None}, {'MusicName': 'Structure least situation.', 'Visible': False, 'Votes': 11, 'VotersIDs': ['a86d9a49-29d0-4e92-b89f-d7886b48797d', '58d71f2e-42ed-49c9-b23c-7e95796a1ea7', '435f6fbc-98fe-4a6b-9147-afaeeac31a10', '06a8499f-a7f8-4e54-b544-1a7d24a5d764', 'eed5b991-3b96-44bc-8f7d-25861430c6ba', 'ed3953f0-454f-40f3-9654-46240256cc8a', '66a2dd4b-a93a-46c0-9721-836e22718353', '80d43b88-b42a-4f44-b823-da335814e9d1'], 'IsUserRecommendation': False, 'RecommenderID': None}, {'MusicName': 'Physical.', 'Visible': False, 'Votes': 0, 'VotersIDs': ['834a5131-5b05-4f9f-a715-79bcd1873a9d', '87f87b3e-867e-41de-a2c7-08817a1eb4e9', 'ec7ad5c4-3d14-459d-8c37-84251d02019d', '438d9233-5d6d-4fde-87f7-0a352dfae8dc', 'c091f0df-7229-478a-a35c-c085444ba5c2', 'dea2eb8e-4ad2-4431-be55-29b6ac39349c', '5ba2f1b4-d969-47aa-8d3f-0f6abc5a6708', '3fe06aea-08ef-4c8a-ba8c-33d660de7950', '65875976-3d11-43aa-acbb-df3bf5b39c27'], 'IsUserRecommendation': False, 'RecommenderID': 'c711c915-2d7a-47dd-8c84-06f15e911801'}, {'MusicName': 'Interest.', 'Visible': False, 'Votes': 40, 'VotersIDs': ['85474d33-6e8e-473d-97fa-0619b8442c74'], 'IsUserRecommendation': False, 'RecommenderID': 'e8597667-1942-485c-a350-a4b96a1735d9'}, {'MusicName': 'Per Mrs interest.', 'Visible': False, 'Votes': 23, 'VotersIDs': [], 'IsUserRecommendation': False, 'RecommenderID': None}, {'MusicName': 'Evidence heart.', 'Visible': True, 'Votes': 19, 'VotersIDs': ['6e96f6a9-e095-436a-9dc9-2619bce5c25f', 'a18ec967-bbbd-4806-a600-3e32aa6399c5', 'fda07afb-2d3f-4818-96de-e9b63bab5654', '98a9e711-8773-4a3c-bae5-01b891cce27a', 'def3ba39-ea8a-4caf-8122-2b30d14aa0f8', '0898192f-3934-4f1f-bf08-c82ef970c9dd', 'b9ea466a-ffc3-4781-81f3-3a4ae9944eaf', '0eb8119b-d3cb-481e-bfc5-696fbe75ae1e', 'f3292e7a-9f75-40a2-b48d-afe3373c0eb7', '14831ecb-2a87-4c37-8820-9afb14967268'], 'IsUserRecommendation': True, 'RecommenderID': None}, {'MusicName': 'Coach resource ask.', 'Visible': True, 'Votes': 18, 'VotersIDs': [], 'IsUserRecommendation': False, 'RecommenderID': 'f03bb43b-2c51-4d09-91be-ae453d85a757'}]",False
"[{'MusicName': 'Goal population all.', 'Visible': False, 'Votes': 15, 'VotersIDs': ['347ed5a9-5b96-4e48-8e54-e1f9b5b96f14', 'fc58e287-fee8-4b3d-871d-4ba80e7166c9', '46bf2275-8c89-40fe-b3f4-d0f0874f9d55', '9a7cc0f0-ffec-4644-abe7-c9daad772d42', '8c8abeed-5ab4-424b-ac1e-b6f271ff9c03', 'cc65ca3c-b90e-4305-86c8-7e9f65c22dc9', 'fbc21fc4-e082-48a5-b3c0-a9c189981e5f', '02a4913c-9fe6-4490-868f-16d63d7362c8', '8e122f09-e6df-435b-961d-12f5cbf328fe', '77fc38fe-e750-4d4c-979a-dab0e3c5bea7'], 'IsUserRecommendation': True, 'RecommenderID': None}, {'MusicName': 'Religious attention.', 'Visible': True, 'Votes': 17, 'VotersIDs': ['432e69dd-c9a6-46a1-a502-5dc35ae7f782', '954d284d-8465-4701-a138-d060100188bc', '92f1f189-5c62-4c65-bf4a-d5aad2f497fd', '4e37a958-2094-406b-b0aa-5b7c18b53913', '5b3413bd-8a8c-4e26-9b45-46e29ba47c06', '87baaa89-d834-407c-beb4-c696f28d6df0', '4a275281-9367-45eb-8cfc-7edf373dd33f', '5ab74401-dd87-4bca-82ed-95075e35bd4f', '3a71048d-458b-4a6e-9416-caab00df5f2a', 'c7d5c17f-7a61-4240-9a26-8c8af08281a9'], 'IsUserRecommendation': True, 'RecommenderID': 'add62568-4949-44d5-bd4e-47fdbce40c64'}, {'MusicName': 'Up be see.', 'Visible': False, 'Votes': 0, 'VotersIDs': ['1b68af1d-b465-4620-aa39-6bbb4a883f6a', 'ecd0c055-83f4-4bcb-a2de-229342a018a5', '09081899-a34b-463a-839c-29646b1a5563', '94f4e10c-be97-43da-bbcb-e7983573569e', '3e5d01d0-f72d-4c2a-a5f3-4336c93cbc8f', '66d97edf-7c28-411b-8ef5-4ce172b2a742', '0a6cc0a3-6f73-49a2-ac5b-3065a3b6ee3a', '3ba06157-bd62-49ca-a204-36f43deee833'], 'IsUserRecommendation': False, 'RecommenderID': '0395156f-da48-40ab-a2f6-aabb1c94b585'}, {'MusicName': 'Large capital.', 'Visible': True, 'Votes': 16, 'VotersIDs': [], 'IsUserRecommendation': False, 'RecommenderID': None}, {'MusicName': 'System finish year.', 'Visible': True, 'Votes': 47, 'VotersIDs': ['f24ae603-e8ff-4529-b2c6-76a98464714f', '531e1b66-f395-4345-89e8-8bf0fe945b3f', '6731abc5-4bc2-4955-b958-1b8ca7d66778', '7dd08243-b45f-4fa7-896f-8eec2a86b549', 'c6786290-d397-42bc-9fac-c986ea5bea5b', 'ce732061-4dc1-41c0-ae30-906812ab4d34'], 'IsUserRecommendation': False, 'RecommenderID': '9bb9f3af-88f6-491a-b40b-a5ee14860912'}, {'MusicName': 'Republican possible attack.', 'Visible': True, 'Votes': 25, 'VotersIDs': ['d20c07ac-6a5f-4301-8dfd-ada999effb06', 'f7542338-acbc-40d0-914b-424f2460afc9', '5865205c-926f-42ec-b122-4475d7d882b9', '66bc8237-d03d-42b4-ba57-8a0b4be0c315'], 'IsUserRecommendation': True, 'RecommenderID': 'ba8b00da-f3b1-41f3-9735-42335fc05488'}, {'MusicName': 'Evening important road figure.', 'Visible': True, 'Votes': 25, 'VotersIDs': ['6df4482f-3b07-4765-a821-d13799e33690', '798f3f91-bd0b-428d-8ddb-c46e3cd0c733', '9567fc70-3775-4ce7-9a64-436ecd4e4453', 'fd0fcc49-f2ad-4d47-a01f-a043191d740f', 'f149792a-97a2-4200-a1a7-1345c334959d', '5699d85a-bf31-4639-9905-f91a72499568', '658e9400-81a7-42f6-b803-94d30c748b7c'], 'IsUserRecommendation': True, 'RecommenderID': None}, {'MusicName': 'On charge.', 'Visible': True, 'Votes': 34, 'VotersIDs': [], 'IsUserRecommendation': False, 'RecommenderID': None}, {'MusicName': 'Buy direction art.', 'Visible': False, 'Votes': 2, 'VotersIDs': ['6d6f0121-1d44-4547-8a28-b02b43d02028', '86b1c544-3d48-4882-964b-15c9e2a6eb6a', '327bd3ec-17f0-4b45-8d8d-77a3b0287ea3', 'db4305ae-a192-485e-bfc5-8dc6ec524f55', '657b4b55-53a8-47df-8779-aa0dab288365', '7b3f4ebf-286f-4002-9938-9d3e16ff6cf3', '7d67289c-5de9-48c2-8abf-2a67e98e3dd0'], 'IsUserRecommendation': True, 'RecommenderID': '2c6cb89b-2e55-4504-a463-ba04149fbe93'}, {'MusicName': 'Soon interesting.', 'Visible': True, 'Votes': 18, 'VotersIDs': ['f891f1ba-9946-4373-81c2-54d669b9e2cf', '27f6b527-33b6-4e1e-8f4a-549e7ed3abef', '50cb74cd-492b-4aa1-8aa6-0f4ea203c2d7'], 'IsUserRecommendation': True, 'RecommenderID': 'e8c3f51f-2fbb-4435-901f-0d5b0d443d8d'}, {'MusicName': 'Feeling city method.', 'Visible': False, 'Votes': 43, 'VotersIDs': ['ce6142ee-4404-4a5b-a652-2f1755ff2e6a', '3b20b7b5-06f6-49e5-9702-0c774f26ec73', '93a5d1e7-6f68-4671-b202-bf3d6d9994fe', '47bca5c9-3772-4937-801e-58ef207a6469', '93167a93-6cac-45ef-9df0-472f9446c837', '24c1ee3d-baf2-4402-86dd-edeec17c40ab', '3ee56227-b858-4353-8276-a3945fa4b024', '5ca21da7-eed8-42b0-b8d0-5822c551b3a2', 'aa4fdf1c-504f-4c2e-972f-173be212079c'], 'IsUserRecommendation': True, 'RecommenderID': None}, {'MusicName': 'Choice century future.', 'Visible': True, 'Votes': 12, 'VotersIDs': ['8cbf75d6-cbf8-4f49-af2f-4c6c42766d4d', 'cf32988a-12d0-4ec9-bf20-8bb0a867c1eb', '7fef77ad-04cf-4aea-9759-1197bddfe720', 'bef0fe14-b33a-4950-906a-bce741efd011', 'c9e47db3-2186-45c6-a513-401034a8ab87'], 'IsUserRecommendation': True, 'RecommenderID': 'd74e4820-c615-45d2-8635-b2b1a1c4429e'}, {'MusicName': 'Behavior.', 'Visible': False, 'Votes': 0, 'VotersIDs': ['0a44d11f-59e5-4063-ac74-90f0757d88a3'], 'IsUserRecommendation': True, 'RecommenderID': '46f1787c-68bb-4085-847e-6f49315823ea'}, {'MusicName': 'Any herself them.', 'Visible': False, 'Votes': 24, 'VotersIDs': ['29076f12-8051-4cba-af0d-05a6d6a588cc', '6263f4b7-654d-4598-915c-6401c67c0dac', 'e83876bf-e22f-48f7-ba8d-71b07f6d6303', 'fd8149bd-506c-4c98-910f-d9d201a4f8d0'], 'IsUserRecommendation': False, 'RecommenderID': None}]",False
"[{'MusicName': 'School environment.', 'Visible': True, 'Votes': 18, 'VotersIDs': ['f87a5c20-b8a0-4015-95c9-6a7d241a501f', 'ea6361a3-77ce-4c34-b423-f4ab4892e26e', '5e784083-4d5a-41eb-81c3-a0cc6d7faee4', 'e5f164e8-fa83-42f5-b6f9-8490acd49973', 'd2cf0750-1b46-46c0-a3f5-ade479549670'], 'IsUserRecommendation': True, 'RecommenderID': None}, {'MusicName': 'Fight read.', 'Visible': True, 'Votes': 35, 'VotersIDs': ['dd4c37da-fd2a-47a3-adbb-a35f75898d08', '3f1745aa-5a25-4839-9ef8-3a9caee78019', '72130f4e-a2fd-426a-9039-96f8aa7ad07f'], 'IsUserRecommendation': True, 'RecommenderID': None}, {'MusicName': 'Moment move place.', 'Visible': False, 'Votes': 39, 'VotersIDs': [], 'IsUserRecommendation': True, 'RecommenderID': None}, {'MusicName': 'Laugh family author.', 'Visible': False, 'Votes': 31, 'VotersIDs': ['7a4f1f43-607c-47b4-b4f5-57e7770f3679', '13cd6efe-4228-4265-bf64-be65aabc4329', '3ec5b2a7-0986-4965-9e7b-ac65377c1e56', 'c2306cb5-c113-4112-8c9f-3e27a4ebeb95', '7b25e621-6a83-403e-b176-c1423f17e5bc'], 'IsUserRecommendation': True, 'RecommenderID': None}, {'MusicName': 'Ever involve.', 'Visible': True, 'Votes': 4, 'VotersIDs': ['09573997-470d-4dce-9e7d-158da43cc242', 'f09f62a1-ca43-489e-9c89-30b9186ead7d', 'c8e7d8dc-7b14-40fe-9423-2fc86cfd3f91', '003426a8-fd40-4afe-8e14-053de6d4b2c9', 'ab011c34-86ed-49d2-8563-db16d8b52e14', '6941b567-bdf7-4437-8787-6566911439e6', '2f8c1ce8-d2d4-4d0f-a256-b3644a62d60a'], 'IsUserRecommendation': False, 'RecommenderID': 'f4cffa9e-17d1-4c90-8e93-9c9923644dc5'}, {'MusicName': 'American level.', 'Visible': False, 'Votes': 45, 'VotersIDs': ['286848ef-1bd8-401c-acad-c5e6dedfa9b8', '48887fb6-69eb-4aad-a16e-f8a830b2a2a6', 'cea7c225-6bb7-4027-b205-afb77e5b1474', '4929b61d-04a3-4d2f-81cd-c059d9edc081', 'ae4869e3-eaa1-4599-877b-9b92f67b0092', 'a2ac3277-3e1a-4635-9212-efc785a316b1', 'd41628ec-42e4-4596-9279-99d0809528d3'], 'IsUserRecommendation': False, 'RecommenderID': None}, {'MusicName': 'Experience involve agree.', 'Visible': False, 'Votes': 23, 'VotersIDs': ['53f981f6-bc26-4968-9ebf-dc663bf1e48d', 'f494ca24-737d-488f-bb31-e773d8f1d7f8', '1a0fefa4-aa15-48df-8390-36b7a83b28f7', '1ba7c5bb-690b-4547-b21b-f090c984e69c', '3332470b-d458-402d-8245-e1ea0b93985c', '406784c3-b1e2-4b83-ab6c-ec59670ebf97'], 'IsUserRecommendation': False, 'RecommenderID': '59e5084b-050a-4460-ae8c-63fd8037a6e5'}, {'MusicName': 'Agreement down per.', 'Visible': True, 'Votes': 2, 'VotersIDs': ['16c0fc3f-db72-4b53-b43c-62da27fc1f33', 'b1a80b89-a814-4c77-9efa-98e3b554ebcf', '5f19a5b1-ec4c-4997-8261-38b14d52d4fa', 'd0ae65ec-f13a-4373-9f9d-ca9a0dec94f5'], 'IsUserRecommendation': False, 'RecommenderID': '9184c2b8-ee7e-4f61-a78c-d8cbd72c99a5'}, {'MusicName': 'Coach laugh.', 'Visible': False, 'Votes': 26, 'VotersIDs': ['f65f6bc7-31f1-4699-9980-4e5cb4699aa6', 'aa98ea3b-f9ce-4365-a069-da69cf666640', '8438aacb-f108-4380-807f-29cdd1695f04', '65bd5377-4adf-4313-a715-e46d61e18d96'], 'IsUserRecommendation': True, 'RecommenderID': None}, {'MusicName': 'Pull might.', 'Visible': False, 'Votes': 22, 'VotersIDs': ['9d86b46e-76fe-4e87-9190-e78c592e7e8e', 'd4bb5b39-9aef-497c-aa27-401e3811f54d', '6550732f-2d44-4096-8ccc-9ce8f4e84050', '6e6fbeb1-4483-4262-9621-74ab6ff24da1', '9579bef3-d4da-4732-9df5-0228d943b0f3', '8b38252c-03a8-474e-8f5b-c9be282c3e67', '95931c8a-5bbe-46c5-8c5d-957946e7d7c5'], 'IsUserRecommendation': True, 'RecommenderID': None}]",False
"[{'MusicName': 'Front building.', 'Visible': True, 'Votes': 24, 'VotersIDs': ['b3854bc7-e95b-4e7f-a52c-9b548a87d739', 'e17ac98e-810c-4f4f-95d9-82ea1b584330', '028c8b1d-3758-4823-948f-e3153b6a6277'], 'IsUserRecommendation': False, 'RecommenderID': 'bdd113ed-efe9-49f6-851f-59320bb58dd6'}, {'MusicName': 'Himself various.', 'Visible': True, 'Votes': 21, 'VotersIDs': ['40f40d43-1e6a-4c69-b4c0-94f820f061d2', 'a59afdc2-c32d-426d-be34-00b1db40e8e4', '5bda04d0-ddee-496f-adae-9f2b892c4df3', '63a02609-9cb6-4fb5-87fb-2b7fb342a179', '1d4a896d-edce-4166-bf6d-0c523d258169', '6c9a3d27-1ab4-4aab-b718-be4e8254bfe0', '8b624a25-bdcc-4922-bf03-a54df918bd12', 'd0eb6164-1843-46c9-b540-5abb263966d7', '7b2d7a08-0cf5-433f-a7ea-afd35c962ef1'], 'IsUserRecommendation': False, 'RecommenderID': '1219abd8-da2f-46c7-9132-838d5464a720'}, {'MusicName': 'Easy seek door woman.', 'Visible': False, 'Votes': 25, 'VotersIDs': ['380314e2-6d48-4544-a29a-9b3b342a7431', 'daf123c6-3da5-4852-a25e-d56122739139', 'bb5737bb-c5b3-43c8-801b-184022f02f80', 'c2985775-6e10-4e8b-9b65-0cf8eb10fd32'], 'IsUserRecommendation': True, 'RecommenderID': None}, {'MusicName': 'Sometimes two.', 'Visible': False, 'Votes': 12, 'VotersIDs': ['6ce5c054-467d-4cb7-bc25-bab74468f6cb', '0a473b55-c63d-4009-b5ec-4e4691d26c62', '00025d81-ec26-4c81-b5ed-10b1530ad574', '176f0adc-9670-4dc6-b0e7-df639393768b', '279d81af-8eb5-4f42-b345-e5198cb039ff', 'dc01c007-e38d-485d-ada4-a84300f7a8b3', 'f6d3fd4b-c431-4789-b5d2-09992450ec6f', '143502c3-b087-413d-87a0-9c8c4bd37bfc', '2fdc6b58-372c-4f52-8ecd-3cef30c4cb7c'], 'IsUserRecommendation': True, 'RecommenderID': None}, {'MusicName': 'Baby defense dream realize.', 'Visible': False, 'Votes': 27, 'VotersIDs': ['b4c50217-87e8-4514-aa28-ffe69e5fafda', '866e8ae4-1af9-468b-a657-efc0f968cc07', '173cce6f-f885-4123-b01d-7ae92fa20f44', 'ea8d1a49-7da7-4d85-a8c6-5d1550919ba7', 'bc638971-3745-42de-b84c-17542ab581ea', '1f86d7a0-cbbf-43ac-8fb2-26a6c1283010', '05131e28-8b4a-48d5-a8c0-ff4417fb5a22', 'c3a07c27-0985-4eb0-9bfe-c36a5ec7b948', 'b25f4a6b-fc3e-4676-90c0-fb59f4babc35'], 'IsUserRecommendation': False, 'RecommenderID': '35935b03-aed4-4bf8-a748-1267e7fb4a99'}, {'MusicName': 'For social.', 'Visible': False, 'Votes': 28, 'VotersIDs': ['4afb7080-1d8b-4df6-ad00-7d858927894e', 'f657c4ed-a6b7-4f14-b55c-8651ac2124c3', '82d6c4c1-3b26-4a2e-a207-1754cf1bd90f'], 'IsUserRecommendation': True, 'RecommenderID': '042bcf59-c15d-4d5c-a396-480b750366c3'}, {'MusicName': 'Eye around.', 'Visible': True, 'Votes': 1, 'VotersIDs': [], 'IsUserRecommendation': True, 'RecommenderID': None}, {'MusicName': 'Reality western mouth.', 'Visible': True, 'Votes': 10, 'VotersIDs': ['e0b569c0-3e85-4915-a56a-d0cdf5455426', '11a94bfd-c586-4919-8dda-6ca996a7f74f'], 'IsUserRecommendation': False, 'RecommenderID': '9ba1e314-cde3-4813-b5b3-4ed50063b9bf'}, {'MusicName': 'Fish air between.', 'Visible': True, 'Votes': 29, 'VotersIDs': ['d580aba0-338a-41b3-8255-633f47eafe1d', 'ad02082b-5e11-4edb-bf93-b8bd8e528946', '04a7e7a5-cf8f-4d21-9aef-900cd447b50e', 'f136effa-edc7-439a-947d-58da6e382304', '8b3a9b74-c933-47c6-9e17-d32701bbc7de'], 'IsUserRecommendation': False, 'RecommenderID': '81933ea6-918d-427b-8005-912dd6372d23'}, {'MusicName': 'For.', 'Visible': True, 'Votes': 0, 'VotersIDs': ['dc7f214d-b48b-4d84-9a0d-09c494da5c9b', '271c23cf-3c66-4892-ab4c-53c1c1b40238', 'c39da1fd-185d-4978-94ae-d9404d509b16', '33111301-c56f-4ffb-8859-3358bb7d343c'], 'IsUserRecommendation': True, 'RecommenderID': None}, {'MusicName': 'Chair address.', 'Visible': False, 'Votes': 28, 'VotersIDs': ['8d8106a3-1257-49fa-bf53-11c8b16dba7e', '89a6b4fd-1930-4ba2-bd15-580ab08bf445', '9f0e9e33-4439-4c3b-b20b-6dd0c605be06', 'e2e2f1b9-776c-463b-a9c2-bece10841ec7', '68fb2789-4f67-4d37-9299-236e2214ee8d', '83239b81-90b1-4396-b52e-24b6dcb54ab4'], 'IsUserRecommendation': True, 'RecommenderID': '7481088e-b56a-4067-a6ec-957334ebb963'}, {'MusicName': 'Tax organization during.', 'Visible': True, 'Votes': 38, 'VotersIDs': [], 'IsUserRecommendation': False, 'RecommenderID': None}, {'MusicName': 'Such them.', 'Visible': False, 'Votes': 22, 'VotersIDs': ['aa9d2d24-f029-4623-b703-e25644422260', 'f14fe935-f6bd-4808-bd17-66fa7ecd8c02', 'f0c99a40-ed5e-4ac0-99c2-0ccf4b0d54c6', '32ac0e6f-cd7a-4676-98f2-e3a13b3bffef', '65417b1a-2229-49a0-8d47-fe12ceb72f8a', '06073401-4aac-4ac8-96f0-c217a2d8aa60', 'a245aa95-0354-43f9-950b-656c95b42d3b'], 'IsUserRecommendation': False, 'RecommenderID': 'a1d01405-52ab-460b-b407-1d598d264d98'}]",False
"[{'MusicName': 'Need unit.', 'Visible': True, 'Votes': 45, 'VotersIDs': ['02ece5a4-5ac5-44fc-a025-b3a81d388278', '7efb9207-6bf9-4aa4-9d8d-59e0c7ac546d', 'a5261ecd-6f3f-4bb4-a1c3-2dd7ae431b90', '4acefece-6391-407d-ad66-611f098d33c6'], 'IsUserRecommendation': True, 'RecommenderID': 'da6403cc-2651-426d-b72c-57a23676b29a'}, {'MusicName': 'Some physical say.', 'Visible': True, 'Votes': 27, 'VotersIDs': ['cd15533f-0568-4df7-8f4f-26e225732842', '2ee0c7c1-af9d-4817-86ff-11d48f61db29', '392da52a-3e3d-42da-8ae1-786f6b5392ce', 'b3b62acb-50a2-4e82-a029-8f6f7f9cb085', 'b6b42809-a603-4870-aba7-cbb5ab282119', '53173e15-ba0a-46c6-ba5f-febe59225caf', 'b612d3c0-3189-4950-8ddb-06f6fdf1f110', 'e928a94c-f681-4e91-a7f6-13de72af57b0', '7220cb9f-115a-4625-b668-d2e854a70712', '7b2eac34-f5c8-4b5a-a37a-7112985d3a0b'], 'IsUserRecommendation': False, 'RecommenderID': None}, {'MusicName': 'Would meet.', 'Visible': False, 'Votes': 29, 'VotersIDs': ['abcc468a-0744-475c-b531-80b551fe2ee8', '67575970-5d2b-458c-add7-f3ae92b3bc8c'], 'IsUserRecommendation': True, 'RecommenderID': None}, {'MusicName': 'Establish be.', 'Visible': True, 'Votes': 24, 'VotersIDs': ['9ebda5c5-dc23-4380-990e-26b0aef862ed', 'f4c1a568-cf58-4152-a229-458a7ae5f172', '8c6b4c58-f47a-42fb-bdab-87309dd671d1', '706aaa2e-75d4-483e-b28b-cdd3b4337101', 'a5e1c867-0561-49bb-8dab-ca1e0ada5f96', '804e4452-bda0-482a-a1c7-99186a83d460', '580bbb7b-2c5d-46ba-9eec-8a8218a3fda8'], 'IsUserRecommendation': True, 'RecommenderID': '3799deb3-9a3b-4f95-94fe-2f3f1aaed752'}, {'MusicName': 'Your.', 'Visible': True, 'Votes': 22, 'VotersIDs': ['b8bf68fe-e57a-4d7f-a11b-2c19df5c7646', '48a81d96-db81-4528-8819-a307278c8227', 'ab0af33c-69a3-47b6-9e53-d30b65cca4f8', 'bb21bd3b-7607-4264-bf10-a386b15f0b63', '7326de8a-b56b-41c8-85a5-de55f8072964', 'b15ffbeb-facc-42b0-81d4-2d30084fc0b0', '65818e6e-d8ac-4849-8c79-22ca3efea01b', 'ca2e9e06-dd10-4695-9651-2d88b44c77a4', 'd289a470-02e0-497e-b0b6-bf2b60d159a1', '2eee41b0-43e7-4cf8-8353-32fe58a5621d'], 'IsUserRecommendation': True, 'RecommenderID': '2433d3b0-1bed-476c-819a-c4424d6b9c68'}, {'MusicName': 'Rule majority.', 'Visible': True, 'Votes': 22, 'VotersIDs': ['51a543c6-30ad-45ac-9dc9-c062513feba2', '2ff602ce-b695-4708-9850-2945108eb26b', '31db5c19-2334-4ddf-aa7a-79c5d89252c6', '0a83784d-dc6e-4755-a595-9dbc6d7d5abe', 'ce675ce1-54ed-488a-8063-5105ed306ad4', '09920da5-db9c-4dd3-a263-dd59ecf6437c', '3f75d065-6454-4f4c-9fb8-4416afa389eb'], 'IsUserRecommendation': True, 'RecommenderID': '913bcdc3-08a8-4329-89a8-922b0aab3d8c'}, {'MusicName': 'Hot option activity.', 'Visible': True, 'Votes': 1, 'VotersIDs': ['4d8c783e-305f-446e-a734-ca6bd8dcabfd'], 'IsUserRecommendation': False, 'RecommenderID': '08d81386-f81b-4922-8fb7-90ee81520574'}, {'MusicName': 'Final police.', 'Visible': True, 'Votes': 9, 'VotersIDs': ['4ef05bd1-5ec2-43e3-8502-aa9fa7811256', '7cf3be07-9257-41e1-92d2-99849ce30d5b', 'a530648e-54d1-4569-bd54-320120c1b666', 'c6ad1323-7908-4ff3-9cad-d59b8857f991', '15b1a773-74b2-4f3f-afe8-afd753874a84', '786cc1dd-4a9a-492b-9711-4161f38defab', 'c50a55e1-f2d3-4536-b1dd-3f705b2b6304', '6d9f09a8-f02a-4663-b849-d1f4a5eea0ea'], 'IsUserRecommendation': False, 'RecommenderID': None}, {'MusicName': 'Resource question foot.', 'Visible': True, 'Votes': 19, 'VotersIDs': ['2cc4efd6-12a9-474e-95c3-c67e0284d951', '5eed471b-5125-487c-afaf-c315ac5d3df4', '182c73fa-308d-456f-b711-bffbee5e6405', '99554364-6506-4bce-a304-d276abed2449', 'c35c9811-20d4-4c7d-b1f3-74011bdb820c', 'f06183b8-f2e6-4c7b-bafc-91a6c23614f2', '80d9a414-62c6-4a13-920d-fa60eee042e8', '00cac4c0-601b-49c6-951b-8a578b97ba84', '2d99bf2c-b6cf-4250-a6d3-5e0954791f0d'], 'IsUserRecommendation': False, 'RecommenderID': None}, {'MusicName': 'Position save.', 'Visible': True, 'Votes': 1, 'VotersIDs': ['28564e7d-7f04-475e-b7ba-174c5b468ebd', '10ed2ca1-00c0-4794-9211-80a02d2aea9a', '249b289a-3a51-436d-8e2f-1f042630390c', '196ef527-19f7-4a5a-8bbb-b9ba11d95f96', '95eede75-8322-4f86-89f6-8043f46a16fb'], 'IsUserRecommendation': True, 'RecommenderID': None}, {'MusicName': 'Require employee.', 'Visible': True, 'Votes': 38, 'VotersIDs': ['33171779-850e-4e1d-af08-435a6396f9b7', '7b9d005f-2256-48e0-828c-5c3da9e863d8', 'e095c106-7c3f-426b-afa0-560f380026a4', '2f4cdcfa-e044-4783-9b5d-42df7bc0f102', '4e0d12f8-a0bd-4f62-a07b-af102fb892af', '24b3f2f1-9bed-4b18-811a-81507fdc06b3', '18b3a920-96a2-4d5d-9eb9-934f32c733be'], 'IsUserRecommendation': True, 'RecommenderID': None}, {'MusicName': 'However that kitchen clearly.', 'Visible': True, 'Votes': 13, 'VotersIDs': ['5069fe00-2c7b-476b-92c8-5e3c26cf07da', '11ed922c-a272-4c98-99c2-98bfe46148a8', 'd3ee55e0-a85d-47f7-bd96-7c4a006e79aa', 'efe141b1-7877-41c5-99e4-9f290c04b912'], 'IsUserRecommendation': False, 'RecommenderID': '04107ab2-36c5-4f4c-a3ee-2ef80284f4f4'}, {'MusicName': 'Push improve.', 'Visible': True, 'Votes': 48, 'VotersIDs': [], 'IsUserRecommendation': False, 'RecommenderID': None}, {'MusicName': 'Something doctor your.', 'Visible': True, 'Votes': 46, 'VotersIDs': ['b6916969-90b7-46b0-ae4e-92c9b38a2978', 'd2e43936-11fa-4a02-a599-8783ee5f737a'], 'IsUserRecommendation': False, 'RecommenderID': None}, {'MusicName': 'Effect theory challenge produce.', 'Visible': True, 'Votes': 0, 'VotersIDs': ['6a2a87dd-c95a-4984-9682-23c0523366f1', 'ec08af29-63b9-4a8a-a37b-235576fc2973'], 'IsUserRecommendation': True, 'RecommenderID': None}]",False
"[{'MusicName': 'Local ready as.', 'Visible': True, 'Votes': 34, 'VotersIDs': ['8e096cf5-5635-426d-903d-68fc3b73f649', '9dd95acc-dcb0-4c02-bbd5-68f2e2a5a3f3', '563a39f2-3701-49f6-848c-c1bdd0dc8652', '3c4055e0-a062-4c66-afa6-3d468e326a77', '5a1d5c86-0efd-4e3a-9870-058995303cd8', 'a773b88a-caca-477a-8135-1261742e336b', 'ced4563f-ee90-418a-bb0e-6824d1fa8dcb', '824c594f-62fb-4ae6-b7ce-e44fe1e23f42', '55a1dbc0-feed-43b4-9c36-e09adff19317', '64bc2250-edd5-4b82-aca9-f99355ed67c6'], 'IsUserRecommendation': False, 'RecommenderID': '370e4f98-b96d-42f3-ab7e-9a0ce573d6a8'}, {'MusicName': 'Well personal.', 'Visible': False, 'Votes': 38, 'VotersIDs': ['7c089ece-9e23-4e38-bac0-c9ba550f238f', 'df44b51a-9add-4b30-8945-e4190f899a5b', '0469d694-189f-4b68-97b3-78b45e64264c', '1e37765f-a277-4784-adcf-e36a213f9443'], 'IsUserRecommendation': True, 'RecommenderID': '54152dc3-9822-4256-8fec-63d15964484e'}, {'MusicName': 'Religious recent player.', 'Visible': False, 'Votes': 12, 'VotersIDs': ['3917d56b-569a-409c-8ecb-97c0f5a66022', 'c02023f6-a638-41d8-affb-0138b6dc858b', '1d47c68d-c3b8-4b90-bc43-35d10b4ab720', 'e33ff9f5-7fee-4d38-8995-3e62ec0e50ce', '44c65d0f-51a9-4e85-8512-0764186b876a', '971487d0-91bb-4c47-b2f0-96525fe30d65', '9f683f1c-961b-42e2-be82-3539351f21b3', 'eb381b44-c0bb-466c-ba0f-a8b6568a37d2', '358af00d-0991-4a64-bb44-9f3e52e10596'], 'IsUserRecommendation': False, 'RecommenderID': 'ebeca8a9-8466-438d-ada3-e66b96400b6d'}, {'MusicName': 'Notice fine.', 'Visible': False, 'Votes': 39, 'VotersIDs': ['2f6c98aa-ecc8-4625-8efb-daa5ac23476b', '01c4c2d0-f632-4370-aadf-69ad99760648', 'ed856a9f-b876-47f1-b67b-d07819327b98', '93a270f9-51dd-4567-b505-2a97cbbf4eeb', 'fe8737a2-7258-40a1-8e35-133680f8e31e'], 'IsUserRecommendation': True, 'RecommenderID': None}, {'MusicName': 'To newspaper.', 'Visible': False, 'Votes': 35, 'VotersIDs': ['e9a67df7-9ba0-423d-bed9-90faba409939', '14d2078c-be1a-4d1b-8815-58755bc65df1'], 'IsUserRecommendation': False, 'RecommenderID': None}, {'MusicName': 'Human note war.', 'Visible': False, 'Votes': 19, 'VotersIDs': ['8f3beeb1-c1fa-43a9-a13a-53aa17dbd39b', '7f519893-f164-4552-b0f9-3bfdb63a942a', 'f0b5eff3-0275-4ba7-9fc8-b12bbf189124', 'd697d23f-cc7f-4783-9972-05149ba86f60', 'ef1451ed-494d-4ccc-b3c7-cc909c1bb8c9', 'e4ea136e-1838-4f2c-903d-c2aae1862552'], 'IsUserRecommendation': False, 'RecommenderID': None}, {'MusicName': 'Full.', 'Visible': True, 'Votes': 6, 'VotersIDs': ['77b52e2b-b99d-4a19-977a-1275c983bf8c', 'f2242de7-339b-45bf-9c06-659627819634', '4968c979-fc72-48ea-8c84-1a0daa15756b'], 'IsUserRecommendation': True, 'RecommenderID': None}, {'MusicName': 'Subject price wish describe.', 'Visible': True, 'Votes': 10, 'VotersIDs': ['a4cffb27-b9c1-4361-85b9-629ae319d46a', '4068cc4b-7ca6-4b3a-9567-5b8027cc656e', '0ec20a88-d335-4047-b44b-b9a77655948e', 'da8735e9-9a48-447f-a90e-b16afd09f57c', 'dcbbe487-f0c0-430a-941b-60e2e896f010', '970b0508-0d29-48d5-8b2d-e1ea079a9b79', '4bfbd691-faf1-4971-a907-97554b08469f'], 'IsUserRecommendation': False, 'RecommenderID': None}, {'MusicName': 'So address.', 'Visible': True, 'Votes': 36, 'VotersIDs': ['04abb91b-9577-4c48-a236-46798ae060ba', 'e7db2d85-a48f-476b-8adb-100d94996f72', '5b713857-3fb3-44fb-94d8-c978238629d4'], 'IsUserRecommendation': True, 'RecommenderID': 'dcfdc3bb-4ef2-4b25-b3a2-2a48eb4c43f3'}]",False
"[{'MusicName': 'Hit group information.', 'Visible': False, 'Votes': 40, 'VotersIDs': [], 'IsUserRecommendation': False, 'RecommenderID': '1ba5aaf6-b6b1-495f-bd89-c929a2741fd5'}, {'MusicName': 'Group as dream.', 'Visible': True, 'Votes': 49, 'VotersIDs': ['90cbbfd9-1e4e-4e73-b7be-041d8059dcd5', '96fe9b2c-baab-4b40-997b-556b21e1fbd4', 'c3c0ca6c-1e66-4344-9c0d-d0290ec51758', 'a1afa11c-e7aa-4d77-b79d-ce4f2e32bf66', '6af62acf-13b2-4e4a-b88a-e15dafbfeb31', '3051bb74-f8c8-47be-856c-c1ea182e9e04', 'e9540dd3-2ed0-4f5c-a88b-897a5416bf65', '1bc61e67-951b-4fdc-9d12-6dab4ee44907', '001c666b-dbe9-4681-adfd-1c63b7dbf288'], 'IsUserRecommendation': True, 'RecommenderID': None}, {'MusicName': 'Congress simply visit.', 'Visible': False, 'Votes': 30, 'VotersIDs': ['033cfda1-be99-4aec-afcb-7077b27d6349', '2909bb53-9d71-4103-b874-a0d04b579e54'], 'IsUserRecommendation': True, 'RecommenderID': None}, {'MusicName': 'From training.', 'Visible': True, 'Votes': 32, 'VotersIDs': ['cd92392b-fff8-4ab9-87ce-91d361611949', 'cde9a84e-3b17-43ec-83fa-1e004d48defe', 'c6b7f3a9-8a7d-49d2-abba-e7a998a30360', '9e6d1ede-3a2f-42aa-ab43-526f014af32b', 'f0cd3f02-7210-4f40-9276-03cf3b9a2506', '60d9cd9a-4575-4e48-b057-ad4babf8c3f0', 'c5db17ff-a016-4aa0-a56a-2380f4d516ce', 'ead33406-9409-434f-8794-9a4c8c673f19'], 'IsUserRecommendation': True, 'RecommenderID': None}, {'MusicName': 'Far join image.', 'Visible': False, 'Votes': 50, 'VotersIDs': ['d29004d3-d1c6-498d-b87c-5aef363030bd', '20b59a20-5fa4-41fc-8fe1-eb61f288da71', 'c7e58efe-b630-4335-aa79-7ae9157f02c2', '82d62411-db1a-456c-9ec6-07005b812dc3', 'f6f3db07-f91d-45ad-8739-3e1cec272ee2', '44fa7d55-6ccb-4502-b546-f0dc52385699', '70034007-91b4-4fb9-b8d6-bdd935546ead'], 'IsUserRecommendation': False, 'RecommenderID': 'ae8c6820-a82f-4a4f-8bd6-b32f6b1c3745'}, {'MusicName': 'Official.', 'Visible': True, 'Votes': 26, 'VotersIDs': ['ff9d382c-d6ec-4678-8d39-de26b2c1e848', '9e252f01-91b2-4148-9c73-d8127306feaa', 'c2c0b618-df30-4818-927d-c99f0a063330'], 'IsUserRecommendation': True, 'RecommenderID': 'aa945f53-ec56-4a5d-9031-1f109c7beeab'}, {'MusicName': 'Fish because.', 'Visible': False, 'Votes': 16, 'VotersIDs': ['f41f5d9f-4b2f-43ee-a351-284089245b95', '544905dc-1168-487e-bf05-e226d3bbcefe', '96de0de1-fdc8-40ba-8ae1-680b094ea236', '36c95102-7a2a-439f-a242-b3eee0e5e7fc', 'a8f4b4af-4e86-44d1-a58e-20a39b2d3557', 'e6aeaf15-568e-4e69-bd5e-6ae725e4956e', '86ffe271-e9f0-4175-a7e5-745048968d4f', '4b659f4a-8842-4b9f-ba1c-50dda4031427', 'e0882ed4-d80b-4052-89c2-08e21f5f6ec2'], 'IsUserRecommendation': True, 'RecommenderID': 'aa73787f-fbe9-456b-989f-079c00c36843'}, {'MusicName': 'Energy receive.', 'Visible': False, 'Votes': 5, 'VotersIDs': ['8e71912b-4b9c-467b-a2e0-8703edf61145', 'a406d504-04d1-4725-813a-2d12fe46f006', '5dc7c786-c623-4404-9493-d4aef31b5641', 'fff26964-81a6-4e6a-afb9-df7661b18d1c', '9ae8809b-72a0-41f1-aef2-cd5555df2682', '93af36f9-d9fa-4ce6-aad0-957aa032e197'], 'IsUserRecommendation': False, 'RecommenderID': None}]",False
"[{'MusicName': 'Decide institution.', 'Visible': False, 'Votes': 11, 'VotersIDs': ['7720135a-a8b0-4006-82ed-df100d0603c4', '585966e2-beb1-43f0-a718-6007f6fa63c5', '7ca362ad-59a1-451e-b3ed-2f77726aee4a', 'd08933d6-547a-493d-bf31-926827868b59', '0ef15400-0d44-47b1-a815-e8f148ca883a', '94360d05-590d-46cf-b6f5-59dd8d78f373', 'd6fea287-2edf-486c-942c-601a961f4d4f'], 'IsUserRecommendation': False, 'RecommenderID': '47c6ea84-25a4-4392-966f-64d43fa61274'}, {'MusicName': 'Response ability draw.', 'Visible': False, 'Votes': 45, 'VotersIDs': ['1fbd1bd4-ad20-49f1-9096-b90681c940c0', '0f09495e-dc41-4ee5-bcce-a35861ee4c40', '72511e44-1514-4acc-a891-4abba91bd624', '76eae240-6215-428b-ae8e-49c9969f2ee5', '487b8bff-8739-4038-8965-5a00ff4fcf6b', 'd7c64894-72cb-4923-83c3-3571cd867456', 'e825992b-377f-46ac-8052-8898c14a6736', 'dc140ae1-0a5f-44d2-9afc-0536d55f5747'], 'IsUserRecommendation': True, 'RecommenderID': '92bffb8f-9618-4573-a3bf-9a35511d4fe1'}, {'MusicName': 'Consider last.', 'Visible': True, 'Votes': 30, 'VotersIDs': ['d5ed0df4-c0a1-4026-a51a-07e2f2b85d0f', 'c38f521e-b32e-4b35-b58b-00ab3a9d35dc', '46ccc006-32f1-4133-96c3-3f4d0de2c18f', '547628ec-352d-40ef-bf1e-c0035a4395e2', 'fc6d8a3e-8bea-4b54-a360-55ce10cb19c8', '896f59e7-1536-4e5c-8b9d-3e11074157fd', '5258f369-fa80-4543-906a-88a5a0007735', 'f7b396a5-3711-4a1f-ace7-6d113da96e0e', '9a46c618-a3b9-4293-9216-8f98a582d8f7', 'eb18a84c-4a7d-4bb0-97ff-2a63bcb9993e'], 'IsUserRecommendation': False, 'RecommenderID': None}, {'MusicName': 'Often little.', 'Visible': True, 'Votes': 12, 'VotersIDs': ['0d50039d-eb1f-49ca-a4c7-569c70bcfeb6', '8c0a4429-54c0-4d79-8e6e-a19b36968907', '1bc57f22-5ed0-45d8-bb29-03f81c793269', 'c379ab2e-4774-46ab-8b4e-67b41307c85b', '657abe1a-38d2-4ba7-9ca1-e2f7ef9baaae'], 'IsUserRecommendation': True, 'RecommenderID': None}, {'MusicName': 'When allow.', 'Visible': True, 'Votes': 14, 'VotersIDs': ['728e1235-f450-4dff-801c-51298364b9c8', '083c6eb7-02d1-4df7-a4b8-88233af3ffc4', '113cfd89-496a-444e-ab31-16d1e046797c', '3e83cd9a-712c-4fe0-a6fd-a832278e6c2e', '07dbe353-de0c-4aec-a18a-d326b44e87ef', 'e606baa8-a42b-4856-90f1-4728b4f18dc3', '825381d2-d490-42ca-bb32-26c1af7e9284', '5e283187-aa7c-4de5-ba39-2d2c8d29fd81', '24cf653a-75bb-4a1f-8abb-24147e5c7fd8'], 'IsUserRecommendation': False, 'RecommenderID': '362617bf-4fb5-4aa7-8637-7ae4bc0937f0'}, {'MusicName': 'Account interest quickly wear.', 'Visible': False, 'Votes': 2, 'VotersIDs': ['d0205de3-b1d5-4712-bab9-96d21b37ef23'], 'IsUserRecommendation': False, 'RecommenderID': '5ea46b43-44ab-404e-bc0a-794b1830dd64'}, {'MusicName': 'Series general continue.', 'Visible': False, 'Votes': 4, 'VotersIDs': ['f67eddb5-bda8-44e1-ac02-79e164c81e10', '7b328991-741a-45b0-aaef-831a2bfff047', '65bad011-8d5d-4b6b-b462-247245e34f07', '7c8e6dfb-8b8b-4e89-8de2-e6eda5202eba', '86b82d57-4b54-46e2-ac6d-b39ea2f7fe26', 'afa71b68-587a-4b99-9242-06c3f7e3be51', '5ba52159-435c-49be-95b3-8d309a0a5238', 'f6982020-a47a-4614-8170-6ef16d44f327'], 'IsUserRecommendation': False, 'RecommenderID': None}, {'MusicName': 'Ball how.', 'Visible': True, 'Votes': 34, 'VotersIDs': ['6962b157-2d88-40c7-b00c-9301f7e6a3e9', 'a7fb0fe8-a2a9-461a-8f6e-f501a9fecff1', '8fea0dcb-8ac3-413e-b288-8b628b8ec1a0', 'b015e557-ccb8-461c-9e51-b498eb3d5d4b', '081f859d-8d68-4759-9060-157f23a82e5d'], 'IsUserRecommendation': True, 'RecommenderID': None}, {'MusicName': 'Eat score state.', 'Visible': False, 'Votes': 50, 'VotersIDs': ['1bc9c398-4f90-4761-949a-ee4a19b810f6', 'c1581090-8fa2-486a-a27e-b0650bee54ca', '6efc089e-f94e-4a10-80bf-24a3f9b49189', 'd90e1f3d-d735-44eb-93d5-60c821f40c1c', '0708383d-8e1b-463f-a996-f6afccbfd8d6'], 'IsUserRecommendation': False, 'RecommenderID': None}, {'MusicName': 'Room.', 'Visible': False, 'Votes': 33, 'VotersIDs': ['e8a95254-4312-4a46-b1ba-278131ac0119', '2a764079-132e-4745-ae33-dd925bd1894a', '4b479358-24d0-45ca-8dce-d0e4fa1b2a82'], 'IsUserRecommendation': True, 'RecommenderID': '02198a68-2b82-4005-9d2e-93c79651c7b6'}, {'MusicName': 'Particularly letter.', 'Visible': False, 'Votes': 43, 'VotersIDs': ['01ea6a09-79bc-44b3-9e07-df1bd45b7c41', '47be595d-fa73-4cce-98dc-554011275bd7', '609b8add-eb0d-4e01-8d6a-7465f305d8d8', 'a1d7beea-44f6-4e7a-b78a-0c467b9665d2', 'baaa8679-a272-4345-a48c-7f417cbfd36c', '84852e6d-83b0-4857-99d9-4af7a482918b'], 'IsUserRecommendation': True, 'RecommenderID': '39dce38f-ffa8-431a-8e3f-533932370b07'}, {'MusicName': 'Finish mind.', 'Visible': False, 'Votes': 42, 'VotersIDs': ['b3b5bf0e-42d6-4776-94b5-7ea2aacb8375', '36091132-d533-4778-bf92-0e5527cd2efe', '85b8120d-a84d-4b9c-be2c-6081a511a50a', 'bacefd67-1d00-4556-ae8f-6637a384de0e', '5788ae0f-68b7-4042-92ae-7e0c741d4bbc', 'ffdafe74-6a02-4fb0-ba27-0d17f64828a2', '31ea1795-791d-41a7-8a13-d8f1b5b2a61c', '896a00ac-6ae8-434d-a2e3-ba1a5d308d4d'], 'IsUserRecommendation': False, 'RecommenderID': 'bdd540d8-dafd-4fbc-b9c1-ac3a58bee377'}, {'MusicName': 'Project position.', 'Visible': True, 'Votes': 15, 'VotersIDs': ['5aabe88c-27b7-414d-a201-e6e0dec1987e', 'f577542a-452b-4d0b-b989-33eb0b4cb9cb', '1fd1671d-2400-4676-9034-1479d5607267', 'f5e5484c-fce7-42c0-a591-8ac6201114c1', 'e10fa420-24b1-45e3-ab5d-d312a90af87a'], 'IsUserRecommendation': True, 'RecommenderID': 'a201d88e-a1a5-4313-9c58-0aba465e3dd5'}, {'MusicName': 'Hospital seem run.', 'Visible': False, 'Votes': 8, 'VotersIDs': ['b763f025-16df-47d3-a9c7-d8366590dad3', '3153f4b8-799f-42e3-91e4-e0eee557c9a6'], 'IsUserRecommendation': False, 'RecommenderID': '6734b4e4-949d-44f9-9010-ad81c270f843'}]",True
